-- phpMyAdmin SQL Dump
-- version 4.5.5.1
-- http://www.phpmyadmin.net
--
-- Host: 127.0.0.1
-- Generation Time: Apr 4, 2021 at 11:08 AM
-- Server version: 5.7.11
-- PHP Version: 5.6.19

SET SQL_MODE = "NO_AUTO_VALUE_ON_ZERO";
SET time_zone = "+00:00";


/*!40101 SET @OLD_CHARACTER_SET_CLIENT=@@CHARACTER_SET_CLIENT */;
/*!40101 SET @OLD_CHARACTER_SET_RESULTS=@@CHARACTER_SET_RESULTS */;
/*!40101 SET @OLD_COLLATION_CONNECTION=@@COLLATION_CONNECTION */;
/*!40101 SET NAMES utf8mb4 */;

--
-- Database: `railres`
--

-- --------------------------------------------------------

--
-- Table structure for table `booking`
--

CREATE TABLE `booking` (
  `uname` varchar(15) NOT NULL,
  `Tnumber` int(11) NOT NULL,
  `class` varchar(2) NOT NULL,
  `doj` date NOT NULL,
  `DOB` date NOT NULL,
  `fromstn` varchar(15) NOT NULL,
  `tostn` varchar(15) NOT NULL,
  `Name` varchar(15) NOT NULL,
  `Age` int(11) NOT NULL,
  `sex` varchar(10) NOT NULL,
  `Status` varchar(20) NOT NULL
) ENGINE=MyISAM DEFAULT CHARSET=latin1;

--
-- Dumping data for table `booking`
--

INSERT INTO `booking` (`uname`, `Tnumber`, `class`, `doj`, `DOB`, `fromstn`, `tostn`, `Name`, `Age`, `sex`, `Status`) VALUES
('Harshitha', 12009, '2A', '2021-04-28', '2021-04-26', 'VIJAYAWADA', 'HYDERABAD', 'Harshitha', 20, 'female', 'Confirmed'),
('Hema', 19011, '1A', '2021-04-30', '2021-04-26', 'VIJAYAWADA', 'HYDERABAD', 'Hema', 21, 'female', 'Confirmed'),
('Hema', 12932, '1A', '2021-03-31', '2021-04-26', 'VIJAYAWADA', 'HYDERABAD', 'Hema', 25, 'female', 'Confirmed'),
('Hema', 12932, '1A', '2021-03-31', '2021-04-26', 'VIJAYAWADA', 'HYDERABAD', 'Hema', 22, 'female', 'Confirmed'),
('Hema', 12932, '1A', '2021-03-31', '2021-04-26', 'VIJAYAWADA', 'HYDERABAD', 'Hema', 35, 'female', 'Confirmed'),
('Hema', 12932, '1A', '2021-03-31', '2021-04-26', 'VIJAYAWADA', 'HYDERABAD', 'Hema', 26, 'female', 'Confirmed'),
('Hema', 12932, '1A', '2021-03-31', '2021-04-26', 'VIJAYAWADA', 'HYDERABAD', 'Hema', 23, 'female', 'Confirmed'),
('Harshitha', 12932, '1A', '2021-03-31', '2021-04-26', 'VIJAYAWADA', 'ANAND', 'Harshitha', 20, 'female', 'Waiting'),
('Harshitha', 12932, '1A', '2021-03-31', '2021-04-26', 'VIJAYAWADA', 'ANAND', 'Harshitha', 19, 'female', 'Waiting'),
('Harshitha', 12932, '1A', '2021-03-31', '2021-04-26', 'VIJAYAWADA', 'ANAND', 'Harshitha', 23, 'female', 'Waiting'),
('Hema', 12009, '1A', '2021-04-26', '2021-04-26', 'VIJAYAWADA', 'HYDERABAD', 'Hema', 18, 'female', 'Confirmed'),
('Sri', 12009, 'SL', '2021-04-27', '2021-04-27', 'VIJAYAWADA', 'HYDERABAD', 'Sri', 15, 'female', 'Confirmed'),
('Hema', 12931, '3A', '2021-04-28', '2021-04-28', 'VIJAYAWADA', 'ANAND', 'Hema', 15, 'female', 'Confirmed'),
('Hema', 12932, '2A', '2021-03-31', '2021-04-28', 'VIJAYAWADA', 'ANAND', 'Hema', 30, 'female', 'Confirmed'),
('Hema', 12932, '2A', '2021-03-31', '2021-04-28', 'VIJAYAWADA', 'ANAND', 'Hema', 30, 'female', 'Confirmed');

-- --------------------------------------------------------

--
-- Table structure for table `interlist`
--

CREATE TABLE `interlist` (
  `Number` int(6) DEFAULT NULL,
  `st1` varchar(10) DEFAULT NULL,
  `st1arri` varchar(10) DEFAULT NULL,
  `st2` varchar(10) DEFAULT NULL,
  `st2arri` varchar(10) DEFAULT NULL,
  `st3` varchar(10) DEFAULT NULL,
  `st3arri` varchar(10) DEFAULT NULL,
  `st4` varchar(10) DEFAULT NULL,
  `st4arri` varchar(10) DEFAULT NULL,
  `st5` varchar(10) DEFAULT NULL,
  `st5arri` varchar(10) DEFAULT NULL,
  `Ori` varchar(20) NOT NULL,
  `Oriarri` varchar(10) NOT NULL,
  `Dest` varchar(20) NOT NULL,
  `Desarri` varchar(10) NOT NULL,
  `Name` varchar(20) NOT NULL,
  `Mon` varchar(2) NOT NULL,
  `Tue` varchar(2) NOT NULL,
  `Wed` varchar(2) NOT NULL,
  `Thu` varchar(2) NOT NULL,
  `Fri` varchar(2) NOT NULL,
  `Sat` varchar(2) NOT NULL,
  `Sun` varchar(2) NOT NULL
) ENGINE=InnoDB DEFAULT CHARSET=latin1;

--
-- Dumping data for table `interlist`
--

INSERT INTO `interlist` (`Number`, `st1`, `st1arri`, `st2`, `st2arri`, `st3`, `st3arri`, `st4`, `st4arri`, `st5`, `st5arri`, `Ori`, `Oriarri`, `Dest`, `Desarri`, `Name`, `Mon`, `Tue`, `Wed`, `Thu`, `Fri`, `Sat`, `Sun`) VALUES
(12009, 'VAPI', '00:15', 'VALSAD', '01:45', 'VIJAYAWADA', '02:30', 'HYDERABAD', '04:00', 'ANAND', '03:03', 'BZA', '22:15', 'SC', '04:25', 'HYB FEST SPL', 'Y', 'Y', 'Y', 'Y', 'Y', 'Y', 'X'),
(12931, 'VAPI', '04:15', 'VALSAD', '08:45', 'VIJAYAWADA', '09:30', 'HYDERABAD', '11:30', 'ANAND', '12:45', 'BZA', '04:00', 'SC', '14:20', 'SC DOUBLE DECK', 'Y', 'Y', 'Y', 'Y', 'Y', 'Y', 'Y'),
(12932, 'VAPI', '19:15', 'VALSAD', '18:45', 'VIJAYAWADA', '04:30', 'HYDERABAD', '15:30', 'ANAND', '14:03', 'SC', '13:00', 'BZA', '22:10', 'BZA DOUBLEDECKE', 'Y', 'Y', 'Y', 'Y', 'Y', 'Y', 'Y'),
(19011, 'VAPI', '04:26', 'VALSAD', '01:50', 'VIJAYAWADA', '23:45', 'HYDERABAD', '20:20', 'ANAND', '18:10', 'SC', '16:25', 'BZA', '10:25', 'GNT SC SPL', 'Y', 'Y', 'Y', 'Y', 'Y', 'Y', 'Y'),
(22210, 'VAPI', '00:10', 'VALSAD', '23:50', 'VIJAYAWADA', '22:25', 'HYDERABAD', '20:03', 'ANAND', '18:20', 'NDLS', '16:15', 'BZA', '01:35', 'BZA DURONTO', 'N', 'N', 'Y', 'N', 'N', 'N', 'Y');

-- --------------------------------------------------------

--
-- Table structure for table `seats_availability`
--

CREATE TABLE `seats_availability` (
  `Train_No` int(11) NOT NULL,
  `Train_Name` varchar(20) NOT NULL,
  `doj` date NOT NULL,
  `1A` int(11) NOT NULL,
  `2A` int(11) NOT NULL,
  `3A` int(11) NOT NULL,
  `AC` int(11) NOT NULL,
  `CC` int(11) NOT NULL,
  `SL` int(11) NOT NULL
) ENGINE=MyISAM DEFAULT CHARSET=latin1;

--
-- Dumping data for table `seats_availability`
--

INSERT INTO `seats_availability` (`Train_No`, `Train_Name`, `doj`, `1A`, `2A`, `3A`, `AC`, `CC`, `SL`) VALUES
(12009, 'HYB FEST SPL', '2021-04-10', 5, 5, 5, 5, 5, 5),
(12009, 'HYB FEST SPL', '2021-04-11', 5, 5, 5, 5, 5, 5),
(12009, 'HYB FEST SPL', '2021-04-12', 5, 5, 5, 5, 5, 5),
(12009, 'HYB FEST SPL', '2021-04-13', 5, 5, 5, 5, 5, 5),
(12009, 'HYB FEST SPL', '2021-04-14', 5, 5, 5, 5, 5, 5),
(12009, 'HYB FEST SPL', '2021-04-15', 5, 5, 5, 5, 5, 5),
(12009, 'HYB FEST SPL', '2021-04-16', 5, 5, 5, 5, 5, 5),
(12009, 'HYB FEST SPL', '2021-04-17', 5, 5, 5, 5, 5, 5),
(12009, 'HYB FEST SPL', '2021-04-18', 5, 5, 5, 5, 5, 5),
(12009, 'HYB FEST SPL', '2021-04-19', 5, 5, 5, 5, 5, 5),
(12009, 'HYB FEST SPL', '2021-04-20', 5, 5, 5, 5, 5, 5),
(12009, 'HYB FEST SPL', '2021-04-21', 5, 5, 5, 5, 5, 5),
(12009, 'HYB FEST SPL', '2021-04-22', 5, 5, 5, 5, 5, 5),
(12009, 'HYB FEST SPL', '2021-04-23', 5, 5, 5, 5, 5, 5),
(12009, 'HYB FEST SPL', '2021-04-24', 5, 5, 5, 5, 5, 5),
(12009, 'HYB FEST SPL', '2021-04-25', 5, 5, 5, 5, 5, 5),
(12009, 'HYB FEST SPL', '2021-04-26', 4, 5, 5, 5, 5, 5),
(12009, 'HYB FEST SPL', '2021-04-27', 5, 5, 5, 5, 5, 4),
(12009, 'HYB FEST SPL', '2021-04-28', 5, 4, 5, 5, 5, 5),
(12009, 'HYB FEST SPL', '2021-04-29', 5, 5, 5, 5, 5, 5),
(12009, 'HYB FEST SPL', '2021-04-30', 5, 5, 5, 5, 5, 5),
(12009, 'HYB FEST SPL', '2021-03-01', 5, 5, 5, 5, 5, 5),
(12009, 'HYB FEST SPL', '2021-03-02', 5, 5, 5, 5, 5, 5),
(12009, 'HYB FEST SPL', '2021-03-03', 5, 5, 5, 5, 5, 5),
(12009, 'HYB FEST SPL', '2021-03-04', 5, 5, 5, 5, 5, 5),
(12009, 'HYB FEST SPL', '2021-03-03', 5, 5, 5, 5, 5, 5),
(12009, 'HYB FEST SPL', '2021-03-04', 5, 5, 5, 5, 5, 5),
(12009, 'HYB FEST SPL', '2021-03-04', 5, 5, 5, 5, 5, 5),
(12009, 'HYB FEST SPL', '2021-03-08', 5, 5, 5, 5, 5, 5),
(12009, 'HYB FEST SPL', '2021-03-09', 5, 5, 5, 5, 5, 5),
(12009, 'HYB FEST SPL', '2021-03-10', 5, 5, 5, 5, 5, 5),
(12009, 'HYB FEST SPL', '2021-03-11', 5, 5, 5, 5, 5, 5),
(12009, 'HYB FEST SPL', '2021-03-12', 5, 5, 5, 5, 5, 5),
(12009, 'HYB FEST SPL', '2021-03-13', 5, 5, 5, 5, 5, 5),
(12009, 'HYB FEST SPL', '2021-03-14', 5, 5, 5, 5, 5, 5),
(12009, 'HYB FEST SPL', '2021-03-15', 5, 5, 5, 5, 5, 5),
(12009, 'HYB FEST SPL', '2021-03-16', 5, 5, 5, 5, 5, 5),
(12009, 'HYB FEST SPL', '2021-03-17', 5, 5, 5, 5, 5, 5),
(12009, 'HYB FEST SPL', '2021-03-18', 5, 5, 5, 5, 5, 5),
(12009, 'HYB FEST SPL', '2021-03-19', 5, 5, 5, 5, 5, 5),
(12009, 'HYB FEST SPL', '2021-03-20', 5, 5, 5, 5, 5, 5),
(12009, 'HYB FEST SPL', '2021-03-21', 5, 5, 5, 5, 5, 5),
(12009, 'HYB FEST SPL', '2021-03-22', 5, 5, 5, 5, 5, 5),
(12009, 'HYB FEST SPL', '2021-03-23', 5, 5, 5, 5, 5, 5),
(12009, 'HYB FEST SPL', '2021-03-24', 5, 5, 5, 5, 5, 5),
(12009, 'HYB FEST SPL', '2021-03-25', 5, 5, 5, 5, 5, 5),
(12009, 'HYB FEST SPL', '2021-03-26', 5, 5, 5, 5, 5, 5),
(12009, 'HYB FEST SPL', '2021-03-27', 5, 5, 5, 5, 5, 5),
(12009, 'HYB FEST SPL', '2021-03-28', 5, 5, 5, 5, 5, 5),
(12009, 'HYB FEST SPL', '2021-03-29', 5, 5, 5, 5, 5, 5),
(12009, 'HYB FEST SPL', '2021-03-30', 5, 5, 5, 5, 5, 5),
(12009, 'HYB FEST SPL', '2021-03-31', 5, 5, 5, 5, 5, 5),
(12009, 'HYB FEST SPL', '2021-04-01', 5, 5, 5, 5, 5, 5),
(12009, 'HYB FEST SPL', '2021-04-02', 5, 5, 5, 5, 5, 5),
(12009, 'HYB FEST SPL', '2021-04-03', 5, 5, 5, 5, 5, 5),
(12009, 'HYB FEST SPL', '2021-04-04', 5, 5, 5, 5, 5, 5),
(12009, 'HYB FEST SPL', '2021-04-03', 5, 5, 5, 5, 5, 5),
(12009, 'HYB FEST SPL', '2021-04-04', 5, 5, 5, 5, 5, 5),
(12009, 'HYB FEST SPL', '2021-04-04', 5, 5, 5, 5, 5, 5),
(12009, 'HYB FEST SPL', '2021-04-08', 5, 5, 5, 5, 5, 5),
(12009, 'HYB FEST SPL', '2021-04-09', 5, 5, 5, 5, 5, 5),
(12009, 'HYB FEST SPL', '2021-04-10', 5, 5, 5, 5, 5, 5),
(12009, 'HYB FEST SPL', '2021-04-11', 5, 5, 5, 5, 5, 5),
(12009, 'HYB FEST SPL', '2021-04-12', 5, 5, 5, 5, 5, 5),
(12009, 'HYB FEST SPL', '2021-04-13', 5, 5, 5, 5, 5, 5),
(12009, 'HYB FEST SPL', '2021-04-14', 5, 5, 5, 5, 5, 5),
(12009, 'HYB FEST SPL', '2021-04-15', 5, 5, 5, 5, 5, 5),
(12009, 'HYB FEST SPL', '2021-04-16', 5, 5, 5, 5, 5, 5),
(12009, 'HYB FEST SPL', '2021-04-17', 5, 5, 5, 5, 5, 5),
(12009, 'HYB FEST SPL', '2021-04-18', 5, 5, 5, 5, 5, 5),
(12009, 'HYB FEST SPL', '2021-04-19', 5, 5, 5, 5, 5, 5),
(12009, 'HYB FEST SPL', '2021-04-20', 5, 5, 5, 5, 5, 5),
(12009, 'HYB FEST SPL', '2021-04-21', 5, 5, 5, 5, 5, 5),
(12009, 'HYB FEST SPL', '2021-04-22', 5, 5, 5, 5, 5, 5),
(12009, 'HYB FEST SPL', '2021-04-23', 5, 5, 5, 5, 5, 5),
(12009, 'HYB FEST SPL', '2021-04-24', 5, 5, 5, 5, 5, 5),
(12009, 'HYB FEST SPL', '2021-04-25', 5, 5, 5, 5, 5, 5),
(12009, 'HYB FEST SPL', '2021-04-26', 5, 5, 5, 5, 5, 5),
(12009, 'HYB FEST SPL', '2021-04-27', 5, 5, 5, 5, 5, 5),
(12009, 'HYB FEST SPL', '2021-04-28', 5, 5, 5, 5, 5, 5),
(12009, 'HYB FEST SPL', '2021-04-29', 5, 5, 5, 5, 5, 5),
(12009, 'HYB FEST SPL', '2021-04-30', 5, 5, 5, 5, 5, 5),
(12009, 'HYB FEST SPL', '2021-04-01', 5, 5, 5, 5, 5, 5),
(12009, 'HYB FEST SPL', '2021-04-02', 5, 5, 5, 5, 5, 5),
(12009, 'HYB FEST SPL', '2021-04-03', 5, 5, 5, 5, 5, 5),
(12009, 'HYB FEST SPL', '2021-04-04', 5, 5, 5, 5, 5, 5),
(12009, 'HYB FEST SPL', '2021-04-03', 5, 5, 5, 5, 5, 5),
(12009, 'HYB FEST SPL', '2021-04-04', 5, 5, 5, 5, 5, 5),
(12009, 'HYB FEST SPL', '2021-04-04', 5, 5, 5, 5, 5, 5),
(12009, 'HYB FEST SPL', '2021-04-08', 5, 5, 5, 5, 5, 5),
(12931, 'SC DOUBLE DECK', '2021-04-10', 5, 5, 5, 5, 5, 5),
(12931, 'SC DOUBLE DECK', '2021-04-11', 5, 5, 5, 5, 5, 5),
(12931, 'SC DOUBLE DECK', '2021-04-12', 5, 5, 5, 5, 5, 5),
(12931, 'SC DOUBLE DECK', '2021-04-13', 5, 5, 5, 5, 5, 5),
(12931, 'SC DOUBLE DECK', '2021-04-14', 5, 5, 5, 5, 5, 5),
(12931, 'SC DOUBLE DECK', '2021-04-15', 5, 5, 5, 5, 5, 5),
(12931, 'SC DOUBLE DECK', '2021-04-16', 5, 5, 5, 5, 5, 5),
(12931, 'SC DOUBLE DECK', '2021-04-17', 5, 5, 5, 5, 5, 5),
(12931, 'SC DOUBLE DECK', '2021-04-18', 5, 5, 5, 5, 5, 5),
(12931, 'SC DOUBLE DECK', '2021-04-19', 5, 5, 5, 5, 5, 5),
(12931, 'SC DOUBLE DECK', '2021-04-20', 5, 5, 5, 5, 5, 5),
(12931, 'SC DOUBLE DECK', '2021-04-21', 5, 5, 5, 5, 5, 5),
(12931, 'SC DOUBLE DECK', '2021-04-22', 5, 5, 5, 5, 5, 5),
(12931, 'SC DOUBLE DECK', '2021-04-23', 5, 5, 5, 5, 5, 5),
(12931, 'SC DOUBLE DECK', '2021-04-24', 5, 5, 5, 5, 5, 5),
(12931, 'SC DOUBLE DECK', '2021-04-25', 5, 5, 5, 5, 5, 5),
(12931, 'SC DOUBLE DECK', '2021-04-26', 5, 5, 5, 5, 5, 5),
(12931, 'SC DOUBLE DECK', '2021-04-27', 5, 5, 5, 5, 5, 5),
(12931, 'SC DOUBLE DECK', '2021-04-28', 5, 5, 4, 5, 5, 5),
(12931, 'SC DOUBLE DECK', '2021-04-29', 5, 5, 5, 5, 5, 5),
(12931, 'SC DOUBLE DECK', '2021-04-30', 5, 5, 5, 5, 5, 5),
(12931, 'SC DOUBLE DECK', '2021-03-01', 5, 5, 5, 5, 5, 5),
(12931, 'SC DOUBLE DECK', '2021-03-02', 5, 5, 5, 5, 5, 5),
(12931, 'SC DOUBLE DECK', '2021-03-03', 5, 5, 5, 5, 5, 5),
(12931, 'SC DOUBLE DECK', '2021-03-04', 5, 5, 5, 5, 5, 5),
(12931, 'SC DOUBLE DECK', '2021-03-03', 5, 5, 5, 5, 5, 5),
(12931, 'SC DOUBLE DECK', '2021-03-04', 5, 5, 5, 5, 5, 5),
(12931, 'SC DOUBLE DECK', '2021-03-04', 5, 5, 5, 5, 5, 5),
(12931, 'SC DOUBLE DECK', '2021-03-08', 5, 5, 5, 5, 5, 5),
(12931, 'SC DOUBLE DECK', '2021-03-09', 5, 5, 5, 5, 5, 5),
(12931, 'SC DOUBLE DECK', '2021-03-10', 5, 5, 5, 5, 5, 5),
(12931, 'SC DOUBLE DECK', '2021-03-11', 5, 5, 5, 5, 5, 5),
(12931, 'SC DOUBLE DECK', '2021-03-12', 5, 5, 5, 5, 5, 5),
(12931, 'SC DOUBLE DECK', '2021-03-13', 5, 5, 5, 5, 5, 5),
(12931, 'SC DOUBLE DECK', '2021-03-14', 5, 5, 5, 5, 5, 5),
(12931, 'SC DOUBLE DECK', '2021-03-15', 5, 5, 5, 5, 5, 5),
(12931, 'SC DOUBLE DECK', '2021-03-16', 5, 5, 5, 5, 5, 5),
(12931, 'SC DOUBLE DECK', '2021-03-17', 5, 5, 5, 5, 5, 5),
(12931, 'SC DOUBLE DECK', '2021-03-18', 5, 5, 5, 5, 5, 5),
(12931, 'SC DOUBLE DECK', '2021-03-19', 5, 5, 5, 5, 5, 5),
(12931, 'SC DOUBLE DECK', '2021-03-20', 5, 5, 5, 5, 5, 5),
(12931, 'SC DOUBLE DECK', '2021-03-21', 5, 5, 5, 5, 5, 5),
(12931, 'SC DOUBLE DECK', '2021-03-22', 5, 5, 5, 5, 5, 5),
(12931, 'SC DOUBLE DECK', '2021-03-23', 5, 5, 5, 5, 5, 5),
(12931, 'SC DOUBLE DECK', '2021-03-24', 5, 5, 5, 5, 5, 5),
(12931, 'SC DOUBLE DECK', '2021-03-25', 5, 5, 5, 5, 5, 5),
(12931, 'SC DOUBLE DECK', '2021-03-26', 5, 5, 5, 5, 5, 5),
(12931, 'SC DOUBLE DECK', '2021-03-27', 5, 5, 5, 5, 5, 5),
(12931, 'SC DOUBLE DECK', '2021-03-28', 5, 5, 5, 5, 5, 5),
(12931, 'SC DOUBLE DECK', '2021-03-29', 5, 5, 5, 5, 5, 5),
(12931, 'SC DOUBLE DECK', '2021-03-30', 5, 5, 5, 5, 5, 5),
(12931, 'SC DOUBLE DECK', '2021-03-31', 5, 5, 5, 5, 5, 5),
(12931, 'SC DOUBLE DECK', '2021-04-01', 5, 5, 5, 5, 5, 5),
(12931, 'SC DOUBLE DECK', '2021-04-02', 5, 5, 5, 5, 5, 5),
(12931, 'SC DOUBLE DECK', '2021-04-03', 5, 5, 5, 5, 5, 5),
(12931, 'SC DOUBLE DECK', '2021-04-04', 5, 5, 5, 5, 5, 5),
(12931, 'SC DOUBLE DECK', '2021-04-03', 5, 5, 5, 5, 5, 5),
(12931, 'SC DOUBLE DECK', '2021-04-04', 5, 5, 5, 5, 5, 5),
(12931, 'SC DOUBLE DECK', '2021-04-04', 5, 5, 5, 5, 5, 5),
(12931, 'SC DOUBLE DECK', '2021-04-08', 5, 5, 5, 5, 5, 5),
(12931, 'SC DOUBLE DECK', '2021-04-09', 5, 5, 5, 5, 5, 5),
(12931, 'SC DOUBLE DECK', '2021-04-10', 5, 5, 5, 5, 5, 5),
(12931, 'SC DOUBLE DECK', '2021-04-11', 5, 5, 5, 5, 5, 5),
(12931, 'SC DOUBLE DECK', '2021-04-12', 5, 5, 5, 5, 5, 5),
(12931, 'SC DOUBLE DECK', '2021-04-13', 5, 5, 5, 5, 5, 5),
(12931, 'SC DOUBLE DECK', '2021-04-14', 5, 5, 5, 5, 5, 5),
(12931, 'SC DOUBLE DECK', '2021-04-15', 5, 5, 5, 5, 5, 5),
(12931, 'SC DOUBLE DECK', '2021-04-16', 5, 5, 5, 5, 5, 5),
(12931, 'SC DOUBLE DECK', '2021-04-17', 5, 5, 5, 5, 5, 5),
(12931, 'SC DOUBLE DECK', '2021-04-18', 5, 5, 5, 5, 5, 5),
(12931, 'SC DOUBLE DECK', '2021-04-19', 5, 5, 5, 5, 5, 5),
(12931, 'SC DOUBLE DECK', '2021-04-20', 5, 5, 5, 5, 5, 5),
(12931, 'SC DOUBLE DECK', '2021-04-21', 5, 5, 5, 5, 5, 5),
(12931, 'SC DOUBLE DECK', '2021-04-22', 5, 5, 5, 5, 5, 5),
(12931, 'SC DOUBLE DECK', '2021-04-23', 5, 5, 5, 5, 5, 5),
(12931, 'SC DOUBLE DECK', '2021-04-24', 5, 5, 5, 5, 5, 5),
(12931, 'SC DOUBLE DECK', '2021-04-25', 5, 5, 5, 5, 5, 5),
(12931, 'SC DOUBLE DECK', '2021-04-26', 5, 5, 5, 5, 5, 5),
(12931, 'SC DOUBLE DECK', '2021-04-27', 5, 5, 5, 5, 5, 5),
(12931, 'SC DOUBLE DECK', '2021-04-28', 5, 5, 5, 5, 5, 5),
(12931, 'SC DOUBLE DECK', '2021-04-29', 5, 5, 5, 5, 5, 5),
(12931, 'SC DOUBLE DECK', '2021-04-30', 5, 5, 5, 5, 5, 5),
(12931, 'SC DOUBLE DECK', '2021-04-01', 5, 5, 5, 5, 5, 5),
(12931, 'SC DOUBLE DECK', '2021-04-02', 5, 5, 5, 5, 5, 5),
(12931, 'SC DOUBLE DECK', '2021-04-03', 5, 5, 5, 5, 5, 5),
(12931, 'SC DOUBLE DECK', '2021-04-04', 5, 5, 5, 5, 5, 5),
(12931, 'SC DOUBLE DECK', '2021-04-03', 5, 5, 5, 5, 5, 5),
(12931, 'SC DOUBLE DECK', '2021-04-04', 5, 5, 5, 5, 5, 5),
(12931, 'SC DOUBLE DECK', '2021-04-04', 5, 5, 5, 5, 5, 5),
(12931, 'SC DOUBLE DECK', '2021-04-08', 5, 5, 5, 5, 5, 5),
(12932, 'BZA DOUBLEDECKE', '2021-04-10', 5, 5, 5, 5, 5, 5),
(12932, 'BZA DOUBLEDECKE', '2021-04-11', 5, 5, 5, 5, 5, 5),
(12932, 'BZA DOUBLEDECKE', '2021-04-12', 5, 5, 5, 5, 5, 5),
(12932, 'BZA DOUBLEDECKE', '2021-04-13', 5, 5, 5, 5, 5, 5),
(12932, 'BZA DOUBLEDECKE', '2021-04-14', 5, 5, 5, 5, 5, 5),
(12932, 'BZA DOUBLEDECKE', '2021-04-15', 5, 5, 5, 5, 5, 5),
(12932, 'BZA DOUBLEDECKE', '2021-04-16', 5, 5, 5, 5, 5, 5),
(12932, 'BZA DOUBLEDECKE', '2021-04-17', 5, 5, 5, 5, 5, 5),
(12932, 'BZA DOUBLEDECKE', '2021-04-18', 5, 5, 5, 5, 5, 5),
(12932, 'BZA DOUBLEDECKE', '2021-04-19', 5, 5, 5, 5, 5, 5),
(12932, 'BZA DOUBLEDECKE', '2021-04-20', 5, 5, 5, 5, 5, 5),
(12932, 'BZA DOUBLEDECKE', '2021-04-21', 5, 5, 5, 5, 5, 5),
(12932, 'BZA DOUBLEDECKE', '2021-04-22', 5, 5, 5, 5, 5, 5),
(12932, 'BZA DOUBLEDECKE', '2021-04-23', 5, 5, 5, 5, 5, 5),
(12932, 'BZA DOUBLEDECKE', '2021-04-24', 5, 5, 5, 5, 5, 5),
(12932, 'BZA DOUBLEDECKE', '2021-04-25', 5, 5, 5, 5, 5, 5),
(12932, 'BZA DOUBLEDECKE', '2021-04-26', 5, 5, 5, 5, 5, 5),
(12932, 'BZA DOUBLEDECKE', '2021-04-27', 5, 5, 5, 5, 5, 5),
(12932, 'BZA DOUBLEDECKE', '2021-04-28', 5, 5, 5, 5, 5, 5),
(12932, 'BZA DOUBLEDECKE', '2021-04-29', 5, 5, 5, 5, 5, 5),
(12932, 'BZA DOUBLEDECKE', '2021-04-30', 5, 5, 5, 5, 5, 5),
(12932, 'BZA DOUBLEDECKE', '2021-03-01', 5, 5, 5, 5, 5, 5),
(12932, 'BZA DOUBLEDECKE', '2021-03-02', 5, 5, 5, 5, 5, 5),
(12932, 'BZA DOUBLEDECKE', '2021-03-03', 5, 5, 5, 5, 5, 5),
(12932, 'BZA DOUBLEDECKE', '2021-03-04', 5, 5, 5, 5, 5, 5),
(12932, 'BZA DOUBLEDECKE', '2021-03-03', 5, 5, 5, 5, 5, 5),
(12932, 'BZA DOUBLEDECKE', '2021-03-04', 5, 5, 5, 5, 5, 5),
(12932, 'BZA DOUBLEDECKE', '2021-03-04', 5, 5, 5, 5, 5, 5),
(12932, 'BZA DOUBLEDECKE', '2021-03-08', 5, 5, 5, 5, 5, 5),
(12932, 'BZA DOUBLEDECKE', '2021-03-09', 5, 5, 5, 5, 5, 5),
(12932, 'BZA DOUBLEDECKE', '2021-03-10', 5, 5, 5, 5, 5, 5),
(12932, 'BZA DOUBLEDECKE', '2021-03-11', 5, 5, 5, 5, 5, 5),
(12932, 'BZA DOUBLEDECKE', '2021-03-12', 5, 5, 5, 5, 5, 5),
(12932, 'BZA DOUBLEDECKE', '2021-03-13', 5, 5, 5, 5, 5, 5),
(12932, 'BZA DOUBLEDECKE', '2021-03-14', 5, 5, 5, 5, 5, 5),
(12932, 'BZA DOUBLEDECKE', '2021-03-15', 5, 5, 5, 5, 5, 5),
(12932, 'BZA DOUBLEDECKE', '2021-03-16', 5, 5, 5, 5, 5, 5),
(12932, 'BZA DOUBLEDECKE', '2021-03-17', 5, 5, 5, 5, 5, 5),
(12932, 'BZA DOUBLEDECKE', '2021-03-18', 5, 5, 5, 5, 5, 5),
(12932, 'BZA DOUBLEDECKE', '2021-03-19', 5, 5, 5, 5, 5, 5),
(12932, 'BZA DOUBLEDECKE', '2021-03-20', 5, 5, 5, 5, 5, 5),
(12932, 'BZA DOUBLEDECKE', '2021-03-21', 5, 5, 5, 5, 5, 5),
(12932, 'BZA DOUBLEDECKE', '2021-03-22', 5, 5, 5, 5, 5, 5),
(12932, 'BZA DOUBLEDECKE', '2021-03-23', 5, 5, 5, 5, 5, 5),
(12932, 'BZA DOUBLEDECKE', '2021-03-24', 5, 5, 5, 5, 5, 5),
(12932, 'BZA DOUBLEDECKE', '2021-03-25', 5, 5, 5, 5, 5, 5),
(12932, 'BZA DOUBLEDECKE', '2021-03-26', 5, 5, 5, 5, 5, 5),
(12932, 'BZA DOUBLEDECKE', '2021-03-27', 5, 5, 5, 5, 5, 5),
(12932, 'BZA DOUBLEDECKE', '2021-03-28', 5, 5, 5, 5, 5, 5),
(12932, 'BZA DOUBLEDECKE', '2021-03-29', 5, 5, 5, 5, 5, 5),
(12932, 'BZA DOUBLEDECKE', '2021-03-30', 5, 5, 5, 5, 5, 5),
(12932, 'BZA DOUBLEDECKE', '2021-03-31', -3, 3, 5, 5, 5, 5),
(12932, 'BZA DOUBLEDECKE', '2021-04-01', 5, 5, 5, 5, 5, 5),
(12932, 'BZA DOUBLEDECKE', '2021-04-02', 5, 5, 5, 5, 5, 5),
(12932, 'BZA DOUBLEDECKE', '2021-04-03', 5, 5, 5, 5, 5, 5),
(12932, 'BZA DOUBLEDECKE', '2021-04-04', 5, 5, 5, 5, 5, 5),
(12932, 'BZA DOUBLEDECKE', '2021-04-03', 5, 5, 5, 5, 5, 5),
(12932, 'BZA DOUBLEDECKE', '2021-04-04', 5, 5, 5, 5, 5, 5),
(12932, 'BZA DOUBLEDECKE', '2021-04-04', 5, 5, 5, 5, 5, 5),
(12932, 'BZA DOUBLEDECKE', '2021-04-08', 5, 5, 5, 5, 5, 5),
(12932, 'BZA DOUBLEDECKE', '2021-04-09', 5, 5, 5, 5, 5, 5),
(12932, 'BZA DOUBLEDECKE', '2021-04-10', 5, 5, 5, 5, 5, 5),
(12932, 'BZA DOUBLEDECKE', '2021-04-11', 5, 5, 5, 5, 5, 5),
(12932, 'BZA DOUBLEDECKE', '2021-04-12', 5, 5, 5, 5, 5, 5),
(12932, 'BZA DOUBLEDECKE', '2021-04-13', 5, 5, 5, 5, 5, 5),
(12932, 'BZA DOUBLEDECKE', '2021-04-14', 5, 5, 5, 5, 5, 5),
(12932, 'BZA DOUBLEDECKE', '2021-04-15', 5, 5, 5, 5, 5, 5),
(12932, 'BZA DOUBLEDECKE', '2021-04-16', 5, 5, 5, 5, 5, 5),
(12932, 'BZA DOUBLEDECKE', '2021-04-17', 5, 5, 5, 5, 5, 5),
(12932, 'BZA DOUBLEDECKE', '2021-04-18', 5, 5, 5, 5, 5, 5),
(12932, 'BZA DOUBLEDECKE', '2021-04-19', 5, 5, 5, 5, 5, 5),
(12932, 'BZA DOUBLEDECKE', '2021-04-20', 5, 5, 5, 5, 5, 5),
(12932, 'BZA DOUBLEDECKE', '2021-04-21', 5, 5, 5, 5, 5, 5),
(12932, 'BZA DOUBLEDECKE', '2021-04-22', 5, 5, 5, 5, 5, 5),
(12932, 'BZA DOUBLEDECKE', '2021-04-23', 5, 5, 5, 5, 5, 5),
(12932, 'BZA DOUBLEDECKE', '2021-04-24', 5, 5, 5, 5, 5, 5),
(12932, 'BZA DOUBLEDECKE', '2021-04-25', 5, 5, 5, 5, 5, 5),
(12932, 'BZA DOUBLEDECKE', '2021-04-26', 5, 5, 5, 5, 5, 5),
(12932, 'BZA DOUBLEDECKE', '2021-04-27', 5, 5, 5, 5, 5, 5),
(12932, 'BZA DOUBLEDECKE', '2021-04-28', 5, 5, 5, 5, 5, 5),
(12932, 'BZA DOUBLEDECKE', '2021-04-29', 5, 5, 5, 5, 5, 5),
(12932, 'BZA DOUBLEDECKE', '2021-04-30', 5, 5, 5, 5, 5, 5),
(12932, 'BZA DOUBLEDECKE', '2021-04-01', 5, 5, 5, 5, 5, 5),
(12932, 'BZA DOUBLEDECKE', '2021-04-02', 5, 5, 5, 5, 5, 5),
(12932, 'BZA DOUBLEDECKE', '2021-04-03', 5, 5, 5, 5, 5, 5),
(12932, 'BZA DOUBLEDECKE', '2021-04-04', 5, 5, 5, 5, 5, 5),
(12932, 'BZA DOUBLEDECKE', '2021-04-03', 5, 5, 5, 5, 5, 5),
(12932, 'BZA DOUBLEDECKE', '2021-04-04', 5, 5, 5, 5, 5, 5),
(12932, 'BZA DOUBLEDECKE', '2021-04-04', 5, 5, 5, 5, 5, 5),
(12932, 'BZA DOUBLEDECKE', '2021-04-08', 5, 5, 5, 5, 5, 5),
(12952, 'MUMBAI RAJDHANI', '2021-04-10', 5, 5, 5, 5, 5, 5),
(12952, 'MUMBAI RAJDHANI', '2021-04-11', 5, 5, 5, 5, 5, 5),
(12952, 'MUMBAI RAJDHANI', '2021-04-12', 5, 5, 5, 5, 5, 5),
(12952, 'MUMBAI RAJDHANI', '2021-04-13', 5, 5, 5, 5, 5, 5),
(12952, 'MUMBAI RAJDHANI', '2021-04-14', 5, 5, 5, 5, 5, 5),
(12952, 'MUMBAI RAJDHANI', '2021-04-15', 5, 5, 5, 5, 5, 5),
(12952, 'MUMBAI RAJDHANI', '2021-04-16', 5, 5, 5, 5, 5, 5),
(12952, 'MUMBAI RAJDHANI', '2021-04-17', 5, 5, 5, 5, 5, 5),
(12952, 'MUMBAI RAJDHANI', '2021-04-18', 5, 5, 5, 5, 5, 5),
(12952, 'MUMBAI RAJDHANI', '2021-04-19', 5, 5, 5, 5, 5, 5),
(12952, 'MUMBAI RAJDHANI', '2021-04-20', 5, 5, 5, 5, 5, 5),
(12952, 'MUMBAI RAJDHANI', '2021-04-21', 5, 5, 5, 5, 5, 5),
(12952, 'MUMBAI RAJDHANI', '2021-04-22', 5, 5, 5, 5, 5, 5),
(12952, 'MUMBAI RAJDHANI', '2021-04-23', 5, 5, 5, 5, 5, 5),
(12952, 'MUMBAI RAJDHANI', '2021-04-24', 5, 5, 5, 5, 5, 5),
(12952, 'MUMBAI RAJDHANI', '2021-04-25', 5, 5, 5, 5, 5, 5),
(12952, 'MUMBAI RAJDHANI', '2021-04-26', 5, 5, 5, 5, 5, 5),
(12952, 'MUMBAI RAJDHANI', '2021-04-27', 5, 5, 5, 5, 5, 5),
(12952, 'MUMBAI RAJDHANI', '2021-04-28', 5, 5, 5, 5, 5, 5),
(12952, 'MUMBAI RAJDHANI', '2021-04-29', 5, 5, 5, 5, 5, 5),
(12952, 'MUMBAI RAJDHANI', '2021-04-30', 5, 5, 5, 5, 5, 5),
(12952, 'MUMBAI RAJDHANI', '2021-03-01', 5, 5, 5, 5, 5, 5),
(12952, 'MUMBAI RAJDHANI', '2021-03-02', 5, 5, 5, 5, 5, 5),
(12952, 'MUMBAI RAJDHANI', '2021-03-03', 5, 5, 5, 5, 5, 5),
(12952, 'MUMBAI RAJDHANI', '2021-03-04', 5, 5, 5, 5, 5, 5),
(12952, 'MUMBAI RAJDHANI', '2021-03-03', 5, 5, 5, 5, 5, 5),
(12952, 'MUMBAI RAJDHANI', '2021-03-04', 5, 5, 5, 5, 5, 5),
(12952, 'MUMBAI RAJDHANI', '2021-03-04', 5, 5, 5, 5, 5, 5),
(12952, 'MUMBAI RAJDHANI', '2021-03-08', 5, 5, 5, 5, 5, 5),
(12952, 'MUMBAI RAJDHANI', '2021-03-09', 5, 5, 5, 5, 5, 5),
(12952, 'MUMBAI RAJDHANI', '2021-03-10', 5, 5, 5, 5, 5, 5),
(12952, 'MUMBAI RAJDHANI', '2021-03-11', 5, 5, 5, 5, 5, 5),
(12952, 'MUMBAI RAJDHANI', '2021-03-12', 5, 5, 5, 5, 5, 5),
(12952, 'MUMBAI RAJDHANI', '2021-03-13', 5, 5, 5, 5, 5, 5),
(12952, 'MUMBAI RAJDHANI', '2021-03-14', 5, 5, 5, 5, 5, 5),
(12952, 'MUMBAI RAJDHANI', '2021-03-15', 5, 5, 5, 5, 5, 5),
(12952, 'MUMBAI RAJDHANI', '2021-03-16', 5, 5, 5, 5, 5, 5),
(12952, 'MUMBAI RAJDHANI', '2021-03-17', 5, 5, 5, 5, 5, 5),
(12952, 'MUMBAI RAJDHANI', '2021-03-18', 5, 5, 5, 5, 5, 5),
(12952, 'MUMBAI RAJDHANI', '2021-03-19', 5, 5, 5, 5, 5, 5),
(12952, 'MUMBAI RAJDHANI', '2021-03-20', 5, 5, 5, 5, 5, 5),
(12952, 'MUMBAI RAJDHANI', '2021-03-21', 5, 5, 5, 5, 5, 5),
(12952, 'MUMBAI RAJDHANI', '2021-03-22', 5, 5, 5, 5, 5, 5),
(12952, 'MUMBAI RAJDHANI', '2021-03-23', 5, 5, 5, 5, 5, 5),
(12952, 'MUMBAI RAJDHANI', '2021-03-24', 5, 5, 5, 5, 5, 5),
(12952, 'MUMBAI RAJDHANI', '2021-03-25', 5, 5, 5, 5, 5, 5),
(12952, 'MUMBAI RAJDHANI', '2021-03-26', 5, 5, 5, 5, 5, 5),
(12952, 'MUMBAI RAJDHANI', '2021-03-27', 5, 5, 5, 5, 5, 5),
(12952, 'MUMBAI RAJDHANI', '2021-03-28', 5, 5, 5, 5, 5, 5),
(12952, 'MUMBAI RAJDHANI', '2021-03-29', 5, 5, 5, 5, 5, 5),
(12952, 'MUMBAI RAJDHANI', '2021-03-30', 5, 5, 5, 5, 5, 5),
(12952, 'MUMBAI RAJDHANI', '2021-03-31', 5, 5, 5, 5, 5, 5),
(12952, 'MUMBAI RAJDHANI', '2021-04-01', 5, 5, 5, 5, 5, 5),
(12952, 'MUMBAI RAJDHANI', '2021-04-02', 5, 5, 5, 5, 5, 5),
(12952, 'MUMBAI RAJDHANI', '2021-04-03', 5, 5, 5, 5, 5, 5),
(12952, 'MUMBAI RAJDHANI', '2021-04-04', 5, 5, 5, 5, 5, 5),
(12952, 'MUMBAI RAJDHANI', '2021-04-03', 5, 5, 5, 5, 5, 5),
(12952, 'MUMBAI RAJDHANI', '2021-04-04', 5, 5, 5, 5, 5, 5),
(12952, 'MUMBAI RAJDHANI', '2021-04-04', 5, 5, 5, 5, 5, 5),
(12952, 'MUMBAI RAJDHANI', '2021-04-08', 5, 5, 5, 5, 5, 5),
(12952, 'MUMBAI RAJDHANI', '2021-04-09', 5, 5, 5, 5, 5, 5),
(12952, 'MUMBAI RAJDHANI', '2021-04-10', 5, 5, 5, 5, 5, 5),
(12952, 'MUMBAI RAJDHANI', '2021-04-11', 5, 5, 5, 5, 5, 5),
(12952, 'MUMBAI RAJDHANI', '2021-04-12', 5, 5, 5, 5, 5, 5),
(12952, 'MUMBAI RAJDHANI', '2021-04-13', 5, 5, 5, 5, 5, 5),
(12952, 'MUMBAI RAJDHANI', '2021-04-14', 5, 5, 5, 5, 5, 5),
(12952, 'MUMBAI RAJDHANI', '2021-04-15', 5, 5, 5, 5, 5, 5),
(12952, 'MUMBAI RAJDHANI', '2021-04-16', 5, 5, 5, 5, 5, 5),
(12952, 'MUMBAI RAJDHANI', '2021-04-17', 5, 5, 5, 5, 5, 5),
(12952, 'MUMBAI RAJDHANI', '2021-04-18', 5, 5, 5, 5, 5, 5),
(12952, 'MUMBAI RAJDHANI', '2021-04-19', 5, 5, 5, 5, 5, 5),
(12952, 'MUMBAI RAJDHANI', '2021-04-20', 5, 5, 5, 5, 5, 5),
(12952, 'MUMBAI RAJDHANI', '2021-04-21', 5, 5, 5, 5, 5, 5),
(12952, 'MUMBAI RAJDHANI', '2021-04-22', 5, 5, 5, 5, 5, 5),
(12952, 'MUMBAI RAJDHANI', '2021-04-23', 5, 5, 5, 5, 5, 5),
(12952, 'MUMBAI RAJDHANI', '2021-04-24', 5, 5, 5, 5, 5, 5),
(12952, 'MUMBAI RAJDHANI', '2021-04-25', 5, 5, 5, 5, 5, 5),
(12952, 'MUMBAI RAJDHANI', '2021-04-26', 5, 5, 5, 5, 5, 5),
(12952, 'MUMBAI RAJDHANI', '2021-04-27', 5, 5, 5, 5, 5, 5),
(12952, 'MUMBAI RAJDHANI', '2021-04-28', 5, 5, 5, 5, 5, 5),
(12952, 'MUMBAI RAJDHANI', '2021-04-29', 5, 5, 5, 5, 5, 5),
(12952, 'MUMBAI RAJDHANI', '2021-04-30', 5, 5, 5, 5, 5, 5),
(12952, 'MUMBAI RAJDHANI', '2021-04-01', 5, 5, 5, 5, 5, 5),
(12952, 'MUMBAI RAJDHANI', '2021-04-02', 5, 5, 5, 5, 5, 5),
(12952, 'MUMBAI RAJDHANI', '2021-04-03', 5, 5, 5, 5, 5, 5),
(12952, 'MUMBAI RAJDHANI', '2021-04-04', 5, 5, 5, 5, 5, 5),
(12952, 'MUMBAI RAJDHANI', '2021-04-03', 5, 5, 5, 5, 5, 5),
(12952, 'MUMBAI RAJDHANI', '2021-04-04', 5, 5, 5, 5, 5, 5),
(12952, 'MUMBAI RAJDHANI', '2021-04-04', 5, 5, 5, 5, 5, 5),
(12952, 'MUMBAI RAJDHANI', '2021-04-08', 5, 5, 5, 5, 5, 5),
(19011, 'GNT SC SPL', '2021-04-10', 5, 5, 5, 5, 5, 5),
(19011, 'GNT SC SPL', '2021-04-11', 5, 5, 5, 5, 5, 5),
(19011, 'GNT SC SPL', '2021-04-12', 5, 5, 5, 5, 5, 5),
(19011, 'GNT SC SPL', '2021-04-13', 5, 5, 5, 5, 5, 5),
(19011, 'GNT SC SPL', '2021-04-14', 5, 5, 5, 5, 5, 5),
(19011, 'GNT SC SPL', '2021-04-15', 5, 5, 5, 5, 5, 5),
(19011, 'GNT SC SPL', '2021-04-16', 5, 5, 5, 5, 5, 5),
(19011, 'GNT SC SPL', '2021-04-17', 5, 5, 5, 5, 5, 5),
(19011, 'GNT SC SPL', '2021-04-18', 5, 5, 5, 5, 5, 5),
(19011, 'GNT SC SPL', '2021-04-19', 5, 5, 5, 5, 5, 5),
(19011, 'GNT SC SPL', '2021-04-20', 5, 5, 5, 5, 5, 5),
(19011, 'GNT SC SPL', '2021-04-21', 5, 5, 5, 5, 5, 5),
(19011, 'GNT SC SPL', '2021-04-22', 5, 5, 5, 5, 5, 5),
(19011, 'GNT SC SPL', '2021-04-23', 5, 5, 5, 5, 5, 5),
(19011, 'GNT SC SPL', '2021-04-24', 5, 5, 5, 5, 5, 5),
(19011, 'GNT SC SPL', '2021-04-25', 5, 5, 5, 5, 5, 5),
(19011, 'GNT SC SPL', '2021-04-26', 5, 5, 5, 5, 5, 5),
(19011, 'GNT SC SPL', '2021-04-27', 5, 5, 5, 5, 5, 5),
(19011, 'GNT SC SPL', '2021-04-28', 5, 5, 5, 5, 5, 5),
(19011, 'GNT SC SPL', '2021-04-29', 5, 5, 5, 5, 5, 5),
(19011, 'GNT SC SPL', '2021-04-30', 4, 5, 5, 5, 5, 5),
(19011, 'GNT SC SPL', '2021-03-01', 5, 5, 5, 5, 5, 5),
(19011, 'GNT SC SPL', '2021-03-02', 5, 5, 5, 5, 5, 5),
(19011, 'GNT SC SPL', '2021-03-03', 5, 5, 5, 5, 5, 5),
(19011, 'GNT SC SPL', '2021-03-04', 5, 5, 5, 5, 5, 5),
(19011, 'GNT SC SPL', '2021-03-03', 5, 5, 5, 5, 5, 5),
(19011, 'GNT SC SPL', '2021-03-04', 5, 5, 5, 5, 5, 5),
(19011, 'GNT SC SPL', '2021-03-04', 5, 5, 5, 5, 5, 5),
(19011, 'GNT SC SPL', '2021-03-08', 5, 5, 5, 5, 5, 5),
(19011, 'GNT SC SPL', '2021-03-09', 5, 5, 5, 5, 5, 5),
(19011, 'GNT SC SPL', '2021-03-10', 5, 5, 5, 5, 5, 5),
(19011, 'GNT SC SPL', '2021-03-11', 5, 5, 5, 5, 5, 5),
(19011, 'GNT SC SPL', '2021-03-12', 5, 5, 5, 5, 5, 5),
(19011, 'GNT SC SPL', '2021-03-13', 5, 5, 5, 5, 5, 5),
(19011, 'GNT SC SPL', '2021-03-14', 5, 5, 5, 5, 5, 5),
(19011, 'GNT SC SPL', '2021-03-15', 5, 5, 5, 5, 5, 5),
(19011, 'GNT SC SPL', '2021-03-16', 5, 5, 5, 5, 5, 5),
(19011, 'GNT SC SPL', '2021-03-17', 5, 5, 5, 5, 5, 5),
(19011, 'GNT SC SPL', '2021-03-18', 5, 5, 5, 5, 5, 5),
(19011, 'GNT SC SPL', '2021-03-19', 5, 5, 5, 5, 5, 5),
(19011, 'GNT SC SPL', '2021-03-20', 5, 5, 5, 5, 5, 5),
(19011, 'GNT SC SPL', '2021-03-21', 5, 5, 5, 5, 5, 5),
(19011, 'GNT SC SPL', '2021-03-22', 5, 5, 5, 5, 5, 5),
(19011, 'GNT SC SPL', '2021-03-23', 5, 5, 5, 5, 5, 5),
(19011, 'GNT SC SPL', '2021-03-24', 5, 5, 5, 5, 5, 5),
(19011, 'GNT SC SPL', '2021-03-25', 5, 5, 5, 5, 5, 5),
(19011, 'GNT SC SPL', '2021-03-26', 5, 5, 5, 5, 5, 5),
(19011, 'GNT SC SPL', '2021-03-27', 5, 5, 5, 5, 5, 5),
(19011, 'GNT SC SPL', '2021-03-28', 5, 5, 5, 5, 5, 5),
(19011, 'GNT SC SPL', '2021-03-29', 5, 5, 5, 5, 5, 5),
(19011, 'GNT SC SPL', '2021-03-30', 5, 5, 5, 5, 5, 5),
(19011, 'GNT SC SPL', '2021-03-31', 5, 5, 5, 5, 5, 5),
(19011, 'GNT SC SPL', '2021-04-01', 5, 5, 5, 5, 5, 5),
(19011, 'GNT SC SPL', '2021-04-02', 5, 5, 5, 5, 5, 5),
(19011, 'GNT SC SPL', '2021-04-03', 5, 5, 5, 5, 5, 5),
(19011, 'GNT SC SPL', '2021-04-04', 5, 5, 5, 5, 5, 5),
(19011, 'GNT SC SPL', '2021-04-03', 5, 5, 5, 5, 5, 5),
(19011, 'GNT SC SPL', '2021-04-04', 5, 5, 5, 5, 5, 5),
(19011, 'GNT SC SPL', '2021-04-04', 5, 5, 5, 5, 5, 5),
(19011, 'GNT SC SPL', '2021-04-08', 5, 5, 5, 5, 5, 5),
(19011, 'GNT SC SPL', '2021-04-09', 5, 5, 5, 5, 5, 5),
(19011, 'GNT SC SPL', '2021-04-10', 5, 5, 5, 5, 5, 5),
(19011, 'GNT SC SPL', '2021-04-11', 5, 5, 5, 5, 5, 5),
(19011, 'GNT SC SPL', '2021-04-12', 5, 5, 5, 5, 5, 5),
(19011, 'GNT SC SPL', '2021-04-13', 5, 5, 5, 5, 5, 5),
(19011, 'GNT SC SPL', '2021-04-14', 5, 5, 5, 5, 5, 5),
(19011, 'GNT SC SPL', '2021-04-15', 5, 5, 5, 5, 5, 5),
(19011, 'GNT SC SPL', '2021-04-16', 5, 5, 5, 5, 5, 5),
(19011, 'GNT SC SPL', '2021-04-17', 5, 5, 5, 5, 5, 5),
(19011, 'GNT SC SPL', '2021-04-18', 5, 5, 5, 5, 5, 5),
(19011, 'GNT SC SPL', '2021-04-19', 5, 5, 5, 5, 5, 5),
(19011, 'GNT SC SPL', '2021-04-20', 5, 5, 5, 5, 5, 5),
(19011, 'GNT SC SPL', '2021-04-21', 5, 5, 5, 5, 5, 5),
(19011, 'GNT SC SPL', '2021-04-22', 5, 5, 5, 5, 5, 5),
(19011, 'GNT SC SPL', '2021-04-23', 5, 5, 5, 5, 5, 5),
(19011, 'GNT SC SPL', '2021-04-24', 5, 5, 5, 5, 5, 5),
(19011, 'GNT SC SPL', '2021-04-25', 5, 5, 5, 5, 5, 5),
(19011, 'GNT SC SPL', '2021-04-26', 5, 5, 5, 5, 5, 5),
(19011, 'GNT SC SPL', '2021-04-27', 5, 5, 5, 5, 5, 5),
(19011, 'GNT SC SPL', '2021-04-28', 5, 5, 5, 5, 5, 5),
(19011, 'GNT SC SPL', '2021-04-29', 5, 5, 5, 5, 5, 5),
(19011, 'GNT SC SPL', '2021-04-30', 5, 5, 5, 5, 5, 5),
(19011, 'GNT SC SPL', '2021-04-01', 5, 5, 5, 5, 5, 5),
(19011, 'GNT SC SPL', '2021-04-02', 5, 5, 5, 5, 5, 5),
(19011, 'GNT SC SPL', '2021-04-03', 5, 5, 5, 5, 5, 5),
(19011, 'GNT SC SPL', '2021-04-04', 5, 5, 5, 5, 5, 5),
(19011, 'GNT SC SPL', '2021-04-03', 5, 5, 5, 5, 5, 5),
(19011, 'GNT SC SPL', '2021-04-04', 5, 5, 5, 5, 5, 5),
(19011, 'GNT SC SPL', '2021-04-04', 5, 5, 5, 5, 5, 5),
(19011, 'GNT SC SPL', '2021-04-08', 5, 5, 5, 5, 5, 5),
(22210, 'BZA DURONTO', '2021-04-10', 5, 5, 5, 5, 5, 5),
(22210, 'BZA DURONTO', '2021-04-11', 5, 5, 5, 5, 5, 5),
(22210, 'BZA DURONTO', '2021-04-12', 5, 5, 5, 5, 5, 5),
(22210, 'BZA DURONTO', '2021-04-13', 5, 5, 5, 5, 5, 5),
(22210, 'BZA DURONTO', '2021-04-14', 5, 5, 5, 5, 5, 5),
(22210, 'BZA DURONTO', '2021-04-15', 5, 5, 5, 5, 5, 5),
(22210, 'BZA DURONTO', '2021-04-16', 5, 5, 5, 5, 5, 5),
(22210, 'BZA DURONTO', '2021-04-17', 5, 5, 5, 5, 5, 5),
(22210, 'BZA DURONTO', '2021-04-18', 5, 5, 5, 5, 5, 5),
(22210, 'BZA DURONTO', '2021-04-19', 5, 5, 5, 5, 5, 5),
(22210, 'BZA DURONTO', '2021-04-20', 5, 5, 5, 5, 5, 5),
(22210, 'BZA DURONTO', '2021-04-21', 5, 5, 5, 5, 5, 5),
(22210, 'BZA DURONTO', '2021-04-22', 5, 5, 5, 5, 5, 5),
(22210, 'BZA DURONTO', '2021-04-23', 5, 5, 5, 5, 5, 5),
(22210, 'BZA DURONTO', '2021-04-24', 5, 5, 5, 5, 5, 5),
(22210, 'BZA DURONTO', '2021-04-25', 5, 5, 5, 5, 5, 5),
(22210, 'BZA DURONTO', '2021-04-26', 5, 5, 5, 5, 5, 5),
(22210, 'BZA DURONTO', '2021-04-27', 5, 5, 5, 5, 5, 5),
(22210, 'BZA DURONTO', '2021-04-28', 5, 5, 5, 5, 5, 5),
(22210, 'BZA DURONTO', '2021-04-29', 5, 5, 5, 5, 5, 5),
(22210, 'BZA DURONTO', '2021-04-30', 5, 5, 5, 5, 5, 5),
(22210, 'BZA DURONTO', '2021-03-01', 5, 5, 5, 5, 5, 5),
(22210, 'BZA DURONTO', '2021-03-02', 5, 5, 5, 5, 5, 5),
(22210, 'BZA DURONTO', '2021-03-03', 5, 5, 5, 5, 5, 5),
(22210, 'BZA DURONTO', '2021-03-04', 5, 5, 5, 5, 5, 5),
(22210, 'BZA DURONTO', '2021-03-03', 5, 5, 5, 5, 5, 5),
(22210, 'BZA DURONTO', '2021-03-04', 5, 5, 5, 5, 5, 5),
(22210, 'BZA DURONTO', '2021-03-04', 5, 5, 5, 5, 5, 5),
(22210, 'BZA DURONTO', '2021-03-08', 5, 5, 5, 5, 5, 5),
(22210, 'BZA DURONTO', '2021-03-09', 5, 5, 5, 5, 5, 5),
(22210, 'BZA DURONTO', '2021-03-10', 5, 5, 5, 5, 5, 5),
(22210, 'BZA DURONTO', '2021-03-11', 5, 5, 5, 5, 5, 5),
(22210, 'BZA DURONTO', '2021-03-12', 5, 5, 5, 5, 5, 5),
(22210, 'BZA DURONTO', '2021-03-13', 5, 5, 5, 5, 5, 5),
(22210, 'BZA DURONTO', '2021-03-14', 5, 5, 5, 5, 5, 5),
(22210, 'BZA DURONTO', '2021-03-15', 5, 5, 5, 5, 5, 5),
(22210, 'BZA DURONTO', '2021-03-16', 5, 5, 5, 5, 5, 5),
(22210, 'BZA DURONTO', '2021-03-17', 5, 5, 5, 5, 5, 5),
(22210, 'BZA DURONTO', '2021-03-18', 5, 5, 5, 5, 5, 5),
(22210, 'BZA DURONTO', '2021-03-19', 5, 5, 5, 5, 5, 5),
(22210, 'BZA DURONTO', '2021-03-20', 5, 5, 5, 5, 5, 5),
(22210, 'BZA DURONTO', '2021-03-21', 5, 5, 5, 5, 5, 5),
(22210, 'BZA DURONTO', '2021-03-22', 5, 5, 5, 5, 5, 5),
(22210, 'BZA DURONTO', '2021-03-23', 5, 5, 5, 5, 5, 5),
(22210, 'BZA DURONTO', '2021-03-24', 5, 5, 5, 5, 5, 5),
(22210, 'BZA DURONTO', '2021-03-25', 5, 5, 5, 5, 5, 5),
(22210, 'BZA DURONTO', '2021-03-26', 5, 5, 5, 5, 5, 5),
(22210, 'BZA DURONTO', '2021-03-27', 5, 5, 5, 5, 5, 5),
(22210, 'BZA DURONTO', '2021-03-28', 5, 5, 5, 5, 5, 5),
(22210, 'BZA DURONTO', '2021-03-29', 5, 5, 5, 5, 5, 5),
(22210, 'BZA DURONTO', '2021-03-30', 5, 5, 5, 5, 5, 5),
(22210, 'BZA DURONTO', '2021-03-31', 5, 5, 5, 5, 5, 5),
(22210, 'BZA DURONTO', '2021-04-01', 5, 5, 5, 5, 5, 5),
(22210, 'BZA DURONTO', '2021-04-02', 5, 5, 5, 5, 5, 5),
(22210, 'BZA DURONTO', '2021-04-03', 5, 5, 5, 5, 5, 5),
(22210, 'BZA DURONTO', '2021-04-04', 5, 5, 5, 5, 5, 5),
(22210, 'BZA DURONTO', '2021-04-03', 5, 5, 5, 5, 5, 5),
(22210, 'BZA DURONTO', '2021-04-04', 5, 5, 5, 5, 5, 5),
(22210, 'BZA DURONTO', '2021-04-04', 5, 5, 5, 5, 5, 5),
(22210, 'BZA DURONTO', '2021-04-08', 5, 5, 5, 5, 5, 5),
(22210, 'BZA DURONTO', '2021-04-09', 5, 5, 5, 5, 5, 5),
(22210, 'BZA DURONTO', '2021-04-10', 5, 5, 5, 5, 5, 5),
(22210, 'BZA DURONTO', '2021-04-11', 5, 5, 5, 5, 5, 5),
(22210, 'BZA DURONTO', '2021-04-12', 5, 5, 5, 5, 5, 5),
(22210, 'BZA DURONTO', '2021-04-13', 5, 5, 5, 5, 5, 5),
(22210, 'BZA DURONTO', '2021-04-14', 5, 5, 5, 5, 5, 5),
(22210, 'BZA DURONTO', '2021-04-15', 5, 5, 5, 5, 5, 5),
(22210, 'BZA DURONTO', '2021-04-16', 5, 5, 5, 5, 5, 5),
(22210, 'BZA DURONTO', '2021-04-17', 5, 5, 5, 5, 5, 5),
(22210, 'BZA DURONTO', '2021-04-18', 5, 5, 5, 5, 5, 5),
(22210, 'BZA DURONTO', '2021-04-19', 5, 5, 5, 5, 5, 5),
(22210, 'BZA DURONTO', '2021-04-20', 5, 5, 5, 5, 5, 5),
(22210, 'BZA DURONTO', '2021-04-21', 5, 5, 5, 5, 5, 5),
(22210, 'BZA DURONTO', '2021-04-22', 5, 5, 5, 5, 5, 5),
(22210, 'BZA DURONTO', '2021-04-23', 5, 5, 5, 5, 5, 5),
(22210, 'BZA DURONTO', '2021-04-24', 5, 5, 5, 5, 5, 5),
(22210, 'BZA DURONTO', '2021-04-25', 5, 5, 5, 5, 5, 5),
(22210, 'BZA DURONTO', '2021-04-26', 5, 5, 5, 5, 5, 5),
(22210, 'BZA DURONTO', '2021-04-27', 5, 5, 5, 5, 5, 5),
(22210, 'BZA DURONTO', '2021-04-28', 5, 5, 5, 5, 5, 5),
(22210, 'BZA DURONTO', '2021-04-29', 5, 5, 5, 5, 5, 5),
(22210, 'BZA DURONTO', '2021-04-30', 5, 5, 5, 5, 5, 5),
(22210, 'BZA DURONTO', '2021-04-01', 5, 5, 5, 5, 5, 5),
(22210, 'BZA DURONTO', '2021-04-02', 5, 5, 5, 5, 5, 5),
(22210, 'BZA DURONTO', '2021-04-03', 5, 5, 5, 5, 5, 5),
(22210, 'BZA DURONTO', '2021-04-04', 5, 5, 5, 5, 5, 5),
(22210, 'BZA DURONTO', '2021-04-03', 5, 5, 5, 5, 5, 5),
(22210, 'BZA DURONTO', '2021-04-04', 5, 5, 5, 5, 5, 5),
(22210, 'BZA DURONTO', '2021-04-04', 5, 5, 5, 5, 5, 5),
(22210, 'BZA DURONTO', '2021-04-08', 5, 5, 5, 5, 5, 5),
(22220, 'BZA DURONTO', '2021-04-10', 5, 5, 5, 5, 5, 5),
(22220, 'BZA DURONTO', '2021-04-11', 5, 5, 5, 5, 5, 5),
(22220, 'BZA DURONTO', '2021-04-12', 5, 5, 5, 5, 5, 5),
(22220, 'BZA DURONTO', '2021-04-13', 5, 5, 5, 5, 5, 5),
(22220, 'BZA DURONTO', '2021-04-14', 5, 5, 5, 5, 5, 5),
(22220, 'BZA DURONTO', '2021-04-15', 5, 5, 5, 5, 5, 5),
(22220, 'BZA DURONTO', '2021-04-16', 5, 5, 5, 5, 5, 5),
(22220, 'BZA DURONTO', '2021-04-17', 5, 5, 5, 5, 5, 5),
(22220, 'BZA DURONTO', '2021-04-18', 5, 5, 5, 5, 5, 5),
(22220, 'BZA DURONTO', '2021-04-19', 5, 5, 5, 5, 5, 5),
(22220, 'BZA DURONTO', '2021-04-20', 5, 5, 5, 5, 5, 5),
(22220, 'BZA DURONTO', '2021-04-21', 5, 5, 5, 5, 5, 5),
(22220, 'BZA DURONTO', '2021-04-22', 5, 5, 5, 5, 5, 5),
(22220, 'BZA DURONTO', '2021-04-23', 5, 5, 5, 5, 5, 5),
(22220, 'BZA DURONTO', '2021-04-24', 5, 5, 5, 5, 5, 5),
(22220, 'BZA DURONTO', '2021-04-25', 5, 5, 5, 5, 5, 5),
(22220, 'BZA DURONTO', '2021-04-26', 5, 5, 5, 5, 5, 5),
(22220, 'BZA DURONTO', '2021-04-27', 5, 5, 5, 5, 5, 5),
(22220, 'BZA DURONTO', '2021-04-28', 5, 5, 5, 5, 5, 5),
(22220, 'BZA DURONTO', '2021-04-29', 5, 5, 5, 5, 5, 5),
(22220, 'BZA DURONTO', '2021-04-30', 5, 5, 5, 5, 5, 5),
(22220, 'BZA DURONTO', '2021-03-01', 5, 5, 5, 5, 5, 5),
(22220, 'BZA DURONTO', '2021-03-02', 5, 5, 5, 5, 5, 5),
(22220, 'BZA DURONTO', '2021-03-03', 5, 5, 5, 5, 5, 5),
(22220, 'BZA DURONTO', '2021-03-04', 5, 5, 5, 5, 5, 5),
(22220, 'BZA DURONTO', '2021-03-03', 5, 5, 5, 5, 5, 5),
(22220, 'BZA DURONTO', '2021-03-04', 5, 5, 5, 5, 5, 5),
(22220, 'BZA DURONTO', '2021-03-04', 5, 5, 5, 5, 5, 5),
(22220, 'BZA DURONTO', '2021-03-08', 5, 5, 5, 5, 5, 5),
(22220, 'BZA DURONTO', '2021-03-09', 5, 5, 5, 5, 5, 5),
(22220, 'BZA DURONTO', '2021-03-10', 5, 5, 5, 5, 5, 5),
(22220, 'BZA DURONTO', '2021-03-11', 5, 5, 5, 5, 5, 5),
(22220, 'BZA DURONTO', '2021-03-12', 5, 5, 5, 5, 5, 5),
(22220, 'BZA DURONTO', '2021-03-13', 5, 5, 5, 5, 5, 5),
(22220, 'BZA DURONTO', '2021-03-14', 5, 5, 5, 5, 5, 5),
(22220, 'BZA DURONTO', '2021-03-15', 5, 5, 5, 5, 5, 5),
(22220, 'BZA DURONTO', '2021-03-16', 5, 5, 5, 5, 5, 5),
(22220, 'BZA DURONTO', '2021-03-17', 5, 5, 5, 5, 5, 5),
(22220, 'BZA DURONTO', '2021-03-18', 5, 5, 5, 5, 5, 5),
(22220, 'BZA DURONTO', '2021-03-19', 5, 5, 5, 5, 5, 5),
(22220, 'BZA DURONTO', '2021-03-20', 5, 5, 5, 5, 5, 5),
(22220, 'BZA DURONTO', '2021-03-21', 5, 5, 5, 5, 5, 5),
(22220, 'BZA DURONTO', '2021-03-22', 5, 5, 5, 5, 5, 5),
(22220, 'BZA DURONTO', '2021-03-23', 5, 5, 5, 5, 5, 5),
(22220, 'BZA DURONTO', '2021-03-24', 5, 5, 5, 5, 5, 5),
(22220, 'BZA DURONTO', '2021-03-25', 5, 5, 5, 5, 5, 5),
(22220, 'BZA DURONTO', '2021-03-26', 5, 5, 5, 5, 5, 5),
(22220, 'BZA DURONTO', '2021-03-27', 5, 5, 5, 5, 5, 5),
(22220, 'BZA DURONTO', '2021-03-28', 5, 5, 5, 5, 5, 5),
(22220, 'BZA DURONTO', '2021-03-29', 5, 5, 5, 5, 5, 5),
(22220, 'BZA DURONTO', '2021-03-30', 5, 5, 5, 5, 5, 5),
(22220, 'BZA DURONTO', '2021-03-31', 5, 5, 5, 5, 5, 5),
(22220, 'BZA DURONTO', '2021-04-01', 5, 5, 5, 5, 5, 5),
(22220, 'BZA DURONTO', '2021-04-02', 5, 5, 5, 5, 5, 5),
(22220, 'BZA DURONTO', '2021-04-03', 5, 5, 5, 5, 5, 5),
(22220, 'BZA DURONTO', '2021-04-04', 5, 5, 5, 5, 5, 5),
(22220, 'BZA DURONTO', '2021-04-03', 5, 5, 5, 5, 5, 5),
(22220, 'BZA DURONTO', '2021-04-04', 5, 5, 5, 5, 5, 5),
(22220, 'BZA DURONTO', '2021-04-04', 5, 5, 5, 5, 5, 5),
(22220, 'BZA DURONTO', '2021-04-08', 5, 5, 5, 5, 5, 5),
(22220, 'BZA DURONTO', '2021-04-09', 5, 5, 5, 5, 5, 5),
(22220, 'BZA DURONTO', '2021-04-10', 5, 5, 5, 5, 5, 5),
(22220, 'BZA DURONTO', '2021-04-11', 5, 5, 5, 5, 5, 5),
(22220, 'BZA DURONTO', '2021-04-12', 5, 5, 5, 5, 5, 5),
(22220, 'BZA DURONTO', '2021-04-13', 5, 5, 5, 5, 5, 5),
(22220, 'BZA DURONTO', '2021-04-14', 5, 5, 5, 5, 5, 5),
(22220, 'BZA DURONTO', '2021-04-15', 5, 5, 5, 5, 5, 5),
(22220, 'BZA DURONTO', '2021-04-16', 5, 5, 5, 5, 5, 5),
(22220, 'BZA DURONTO', '2021-04-17', 5, 5, 5, 5, 5, 5),
(22220, 'BZA DURONTO', '2021-04-18', 5, 5, 5, 5, 5, 5),
(22220, 'BZA DURONTO', '2021-04-19', 5, 5, 5, 5, 5, 5),
(22220, 'BZA DURONTO', '2021-04-20', 5, 5, 5, 5, 5, 5),
(22220, 'BZA DURONTO', '2021-04-21', 5, 5, 5, 5, 5, 5),
(22220, 'BZA DURONTO', '2021-04-22', 5, 5, 5, 5, 5, 5),
(22220, 'BZA DURONTO', '2021-04-23', 5, 5, 5, 5, 5, 5),
(22220, 'BZA DURONTO', '2021-04-24', 5, 5, 5, 5, 5, 5),
(22220, 'BZA DURONTO', '2021-04-25', 5, 5, 5, 5, 5, 5),
(22220, 'BZA DURONTO', '2021-04-26', 5, 5, 5, 5, 5, 5),
(22220, 'BZA DURONTO', '2021-04-27', 5, 5, 5, 5, 5, 5),
(22220, 'BZA DURONTO', '2021-04-28', 5, 5, 5, 5, 5, 5),
(22220, 'BZA DURONTO', '2021-04-29', 5, 5, 5, 5, 5, 5),
(22220, 'BZA DURONTO', '2021-04-30', 5, 5, 5, 5, 5, 5),
(22220, 'BZA DURONTO', '2021-04-01', 5, 5, 5, 5, 5, 5),
(22220, 'BZA DURONTO', '2021-04-02', 5, 5, 5, 5, 5, 5),
(22220, 'BZA DURONTO', '2021-04-03', 5, 5, 5, 5, 5, 5),
(22220, 'BZA DURONTO', '2021-04-04', 5, 5, 5, 5, 5, 5),
(22220, 'BZA DURONTO', '2021-04-03', 5, 5, 5, 5, 5, 5),
(22220, 'BZA DURONTO', '2021-04-04', 5, 5, 5, 5, 5, 5),
(22220, 'BZA DURONTO', '2021-04-04', 5, 5, 5, 5, 5, 5),
(22220, 'BZA DURONTO', '2021-04-08', 5, 5, 5, 5, 5, 5),
(22222, 'BZA DURONTO', '2021-04-10', 5, 5, 5, 5, 5, 5),
(22222, 'BZA DURONTO', '2021-04-11', 5, 5, 5, 5, 5, 5),
(22222, 'BZA DURONTO', '2021-04-12', 5, 5, 5, 5, 5, 5),
(22222, 'BZA DURONTO', '2021-04-13', 5, 5, 5, 5, 5, 5),
(22222, 'BZA DURONTO', '2021-04-14', 5, 5, 5, 5, 5, 5),
(22222, 'BZA DURONTO', '2021-04-15', 5, 5, 5, 5, 5, 5),
(22222, 'BZA DURONTO', '2021-04-16', 5, 5, 5, 5, 5, 5),
(22222, 'BZA DURONTO', '2021-04-17', 5, 5, 5, 5, 5, 5),
(22222, 'BZA DURONTO', '2021-04-18', 5, 5, 5, 5, 5, 5),
(22222, 'BZA DURONTO', '2021-04-19', 5, 5, 5, 5, 5, 5),
(22222, 'BZA DURONTO', '2021-04-20', 5, 5, 5, 5, 5, 5),
(22222, 'BZA DURONTO', '2021-04-21', 5, 5, 5, 5, 5, 5),
(22222, 'BZA DURONTO', '2021-04-22', 5, 5, 5, 5, 5, 5),
(22222, 'BZA DURONTO', '2021-04-23', 5, 5, 5, 5, 5, 5),
(22222, 'BZA DURONTO', '2021-04-24', 5, 5, 5, 5, 5, 5),
(22222, 'BZA DURONTO', '2021-04-25', 5, 5, 5, 5, 5, 5),
(22222, 'BZA DURONTO', '2021-04-26', 5, 5, 5, 5, 5, 5),
(22222, 'BZA DURONTO', '2021-04-27', 5, 5, 5, 5, 5, 5),
(22222, 'BZA DURONTO', '2021-04-28', 5, 5, 5, 5, 5, 5),
(22222, 'BZA DURONTO', '2021-04-29', 5, 5, 5, 5, 5, 5),
(22222, 'BZA DURONTO', '2021-04-30', 5, 5, 5, 5, 5, 5),
(22222, 'BZA DURONTO', '2021-03-01', 5, 5, 5, 5, 5, 5),
(22222, 'BZA DURONTO', '2021-03-02', 5, 5, 5, 5, 5, 5),
(22222, 'BZA DURONTO', '2021-03-03', 5, 5, 5, 5, 5, 5),
(22222, 'BZA DURONTO', '2021-03-04', 5, 5, 5, 5, 5, 5),
(22222, 'BZA DURONTO', '2021-03-03', 5, 5, 5, 5, 5, 5),
(22222, 'BZA DURONTO', '2021-03-04', 5, 5, 5, 5, 5, 5),
(22222, 'BZA DURONTO', '2021-03-04', 5, 5, 5, 5, 5, 5),
(22222, 'BZA DURONTO', '2021-03-08', 5, 5, 5, 5, 5, 5),
(22222, 'BZA DURONTO', '2021-03-09', 5, 5, 5, 5, 5, 5),
(22222, 'BZA DURONTO', '2021-03-10', 5, 5, 5, 5, 5, 5),
(22222, 'BZA DURONTO', '2021-03-11', 5, 5, 5, 5, 5, 5),
(22222, 'BZA DURONTO', '2021-03-12', 5, 5, 5, 5, 5, 5),
(22222, 'BZA DURONTO', '2021-03-13', 5, 5, 5, 5, 5, 5),
(22222, 'BZA DURONTO', '2021-03-14', 5, 5, 5, 5, 5, 5),
(22222, 'BZA DURONTO', '2021-03-15', 5, 5, 5, 5, 5, 5),
(22222, 'BZA DURONTO', '2021-03-16', 5, 5, 5, 5, 5, 5),
(22222, 'BZA DURONTO', '2021-03-17', 5, 5, 5, 5, 5, 5),
(22222, 'BZA DURONTO', '2021-03-18', 5, 5, 5, 5, 5, 5),
(22222, 'BZA DURONTO', '2021-03-19', 5, 5, 5, 5, 5, 5),
(22222, 'BZA DURONTO', '2021-03-20', 5, 5, 5, 5, 5, 5),
(22222, 'BZA DURONTO', '2021-03-21', 5, 5, 5, 5, 5, 5),
(22222, 'BZA DURONTO', '2021-03-22', 5, 5, 5, 5, 5, 5),
(22222, 'BZA DURONTO', '2021-03-23', 5, 5, 5, 5, 5, 5),
(22222, 'BZA DURONTO', '2021-03-24', 5, 5, 5, 5, 5, 5),
(22222, 'BZA DURONTO', '2021-03-25', 5, 5, 5, 5, 5, 5),
(22222, 'BZA DURONTO', '2021-03-26', 5, 5, 5, 5, 5, 5),
(22222, 'BZA DURONTO', '2021-03-27', 5, 5, 5, 5, 5, 5),
(22222, 'BZA DURONTO', '2021-03-28', 5, 5, 5, 5, 5, 5),
(22222, 'BZA DURONTO', '2021-03-29', 5, 5, 5, 5, 5, 5),
(22222, 'BZA DURONTO', '2021-03-30', 5, 5, 5, 5, 5, 5),
(22222, 'BZA DURONTO', '2021-03-31', 5, 5, 5, 5, 5, 5),
(22222, 'BZA DURONTO', '2021-04-01', 5, 5, 5, 5, 5, 5),
(22222, 'BZA DURONTO', '2021-04-02', 5, 5, 5, 5, 5, 5),
(22222, 'BZA DURONTO', '2021-04-03', 5, 5, 5, 5, 5, 5),
(22222, 'BZA DURONTO', '2021-04-04', 5, 5, 5, 5, 5, 5),
(22222, 'BZA DURONTO', '2021-04-03', 5, 5, 5, 5, 5, 5),
(22222, 'BZA DURONTO', '2021-04-04', 5, 5, 5, 5, 5, 5),
(22222, 'BZA DURONTO', '2021-04-04', 5, 5, 5, 5, 5, 5),
(22222, 'BZA DURONTO', '2021-04-08', 5, 5, 5, 5, 5, 5),
(22222, 'BZA DURONTO', '2021-04-09', 5, 5, 5, 5, 5, 5),
(22222, 'BZA DURONTO', '2021-04-10', 5, 5, 5, 5, 5, 5),
(22222, 'BZA DURONTO', '2021-04-11', 5, 5, 5, 5, 5, 5),
(22222, 'BZA DURONTO', '2021-04-12', 5, 5, 5, 5, 5, 5),
(22222, 'BZA DURONTO', '2021-04-13', 5, 5, 5, 5, 5, 5),
(22222, 'BZA DURONTO', '2021-04-14', 5, 5, 5, 5, 5, 5),
(22222, 'BZA DURONTO', '2021-04-15', 5, 5, 5, 5, 5, 5),
(22222, 'BZA DURONTO', '2021-04-16', 5, 5, 5, 5, 5, 5),
(22222, 'BZA DURONTO', '2021-04-17', 5, 5, 5, 5, 5, 5),
(22222, 'BZA DURONTO', '2021-04-18', 5, 5, 5, 5, 5, 5),
(22222, 'BZA DURONTO', '2021-04-19', 5, 5, 5, 5, 5, 5),
(22222, 'BZA DURONTO', '2021-04-20', 5, 5, 5, 5, 5, 5),
(22222, 'BZA DURONTO', '2021-04-21', 5, 5, 5, 5, 5, 5),
(22222, 'BZA DURONTO', '2021-04-22', 5, 5, 5, 5, 5, 5),
(22222, 'BZA DURONTO', '2021-04-23', 5, 5, 5, 5, 5, 5),
(22222, 'BZA DURONTO', '2021-04-24', 5, 5, 5, 5, 5, 5),
(22222, 'BZA DURONTO', '2021-04-25', 5, 5, 5, 5, 5, 5),
(22222, 'BZA DURONTO', '2021-04-26', 5, 5, 5, 5, 5, 5),
(22222, 'BZA DURONTO', '2021-04-27', 5, 5, 5, 5, 5, 5),
(22222, 'BZA DURONTO', '2021-04-28', 5, 5, 5, 5, 5, 5),
(22222, 'BZA DURONTO', '2021-04-29', 5, 5, 5, 5, 5, 5),
(22222, 'BZA DURONTO', '2021-04-30', 5, 5, 5, 5, 5, 5),
(22222, 'BZA DURONTO', '2021-04-01', 5, 5, 5, 5, 5, 5),
(22222, 'BZA DURONTO', '2021-04-02', 5, 5, 5, 5, 5, 5),
(22222, 'BZA DURONTO', '2021-04-03', 5, 5, 5, 5, 5, 5),
(22222, 'BZA DURONTO', '2021-04-04', 5, 5, 5, 5, 5, 5),
(22222, 'BZA DURONTO', '2021-04-03', 5, 5, 5, 5, 5, 5),
(22222, 'BZA DURONTO', '2021-04-04', 5, 5, 5, 5, 5, 5),
(22222, 'BZA DURONTO', '2021-04-04', 5, 5, 5, 5, 5, 5),
(22222, 'BZA DURONTO', '2021-04-08', 5, 5, 5, 5, 5, 5),
(25222, 'BZA DURONTO', '2021-04-10', 5, 5, 5, 5, 5, 5),
(25222, 'BZA DURONTO', '2021-04-11', 5, 5, 5, 5, 5, 5),
(25222, 'BZA DURONTO', '2021-04-12', 5, 5, 5, 5, 5, 5),
(25222, 'BZA DURONTO', '2021-04-13', 5, 5, 5, 5, 5, 5),
(25222, 'BZA DURONTO', '2021-04-14', 5, 5, 5, 5, 5, 5),
(25222, 'BZA DURONTO', '2021-04-15', 5, 5, 5, 5, 5, 5),
(25222, 'BZA DURONTO', '2021-04-16', 5, 5, 5, 5, 5, 5),
(25222, 'BZA DURONTO', '2021-04-17', 5, 5, 5, 5, 5, 5),
(25222, 'BZA DURONTO', '2021-04-18', 5, 5, 5, 5, 5, 5),
(25222, 'BZA DURONTO', '2021-04-19', 5, 5, 5, 5, 5, 5),
(25222, 'BZA DURONTO', '2021-04-20', 5, 5, 5, 5, 5, 5),
(25222, 'BZA DURONTO', '2021-04-21', 5, 5, 5, 5, 5, 5),
(25222, 'BZA DURONTO', '2021-04-22', 5, 5, 5, 5, 5, 5),
(25222, 'BZA DURONTO', '2021-04-23', 5, 5, 5, 5, 5, 5),
(25222, 'BZA DURONTO', '2021-04-24', 5, 5, 5, 5, 5, 5),
(25222, 'BZA DURONTO', '2021-04-25', 5, 5, 5, 5, 5, 5),
(25222, 'BZA DURONTO', '2021-04-26', 5, 5, 5, 5, 5, 5),
(25222, 'BZA DURONTO', '2021-04-27', 5, 5, 5, 5, 5, 5),
(25222, 'BZA DURONTO', '2021-04-28', 5, 5, 5, 5, 5, 5),
(25222, 'BZA DURONTO', '2021-04-29', 5, 5, 5, 5, 5, 5),
(25222, 'BZA DURONTO', '2021-04-30', 5, 5, 5, 5, 5, 5),
(25222, 'BZA DURONTO', '2021-03-01', 5, 5, 5, 5, 5, 5),
(25222, 'BZA DURONTO', '2021-03-02', 5, 5, 5, 5, 5, 5),
(25222, 'BZA DURONTO', '2021-03-03', 5, 5, 5, 5, 5, 5),
(25222, 'BZA DURONTO', '2021-03-04', 5, 5, 5, 5, 5, 5),
(25222, 'BZA DURONTO', '2021-03-03', 5, 5, 5, 5, 5, 5),
(25222, 'BZA DURONTO', '2021-03-04', 5, 5, 5, 5, 5, 5),
(25222, 'BZA DURONTO', '2021-03-04', 5, 5, 5, 5, 5, 5),
(25222, 'BZA DURONTO', '2021-03-08', 5, 5, 5, 5, 5, 5),
(25222, 'BZA DURONTO', '2021-03-09', 5, 5, 5, 5, 5, 5),
(25222, 'BZA DURONTO', '2021-03-10', 5, 5, 5, 5, 5, 5),
(25222, 'BZA DURONTO', '2021-03-11', 5, 5, 5, 5, 5, 5),
(25222, 'BZA DURONTO', '2021-03-12', 5, 5, 5, 5, 5, 5),
(25222, 'BZA DURONTO', '2021-03-13', 5, 5, 5, 5, 5, 5),
(25222, 'BZA DURONTO', '2021-03-14', 5, 5, 5, 5, 5, 5),
(25222, 'BZA DURONTO', '2021-03-15', 5, 5, 5, 5, 5, 5),
(25222, 'BZA DURONTO', '2021-03-16', 5, 5, 5, 5, 5, 5),
(25222, 'BZA DURONTO', '2021-03-17', 5, 5, 5, 5, 5, 5),
(25222, 'BZA DURONTO', '2021-03-18', 5, 5, 5, 5, 5, 5),
(25222, 'BZA DURONTO', '2021-03-19', 5, 5, 5, 5, 5, 5),
(25222, 'BZA DURONTO', '2021-03-20', 5, 5, 5, 5, 5, 5),
(25222, 'BZA DURONTO', '2021-03-21', 5, 5, 5, 5, 5, 5),
(25222, 'BZA DURONTO', '2021-03-22', 5, 5, 5, 5, 5, 5),
(25222, 'BZA DURONTO', '2021-03-23', 5, 5, 5, 5, 5, 5),
(25222, 'BZA DURONTO', '2021-03-24', 5, 5, 5, 5, 5, 5),
(25222, 'BZA DURONTO', '2021-03-25', 5, 5, 5, 5, 5, 5),
(25222, 'BZA DURONTO', '2021-03-26', 5, 5, 5, 5, 5, 5),
(25222, 'BZA DURONTO', '2021-03-27', 5, 5, 5, 5, 5, 5),
(25222, 'BZA DURONTO', '2021-03-28', 5, 5, 5, 5, 5, 5),
(25222, 'BZA DURONTO', '2021-03-29', 5, 5, 5, 5, 5, 5),
(25222, 'BZA DURONTO', '2021-03-30', 5, 5, 5, 5, 5, 5),
(25222, 'BZA DURONTO', '2021-03-31', 5, 5, 5, 5, 5, 5),
(25222, 'BZA DURONTO', '2021-04-01', 5, 5, 5, 5, 5, 5),
(25222, 'BZA DURONTO', '2021-04-02', 5, 5, 5, 5, 5, 5),
(25222, 'BZA DURONTO', '2021-04-03', 5, 5, 5, 5, 5, 5),
(25222, 'BZA DURONTO', '2021-04-04', 5, 5, 5, 5, 5, 5),
(25222, 'BZA DURONTO', '2021-04-03', 5, 5, 5, 5, 5, 5),
(25222, 'BZA DURONTO', '2021-04-04', 5, 5, 5, 5, 5, 5),
(25222, 'BZA DURONTO', '2021-04-04', 5, 5, 5, 5, 5, 5),
(25222, 'BZA DURONTO', '2021-04-08', 5, 5, 5, 5, 5, 5),
(25222, 'BZA DURONTO', '2021-04-09', 5, 5, 5, 5, 5, 5),
(25222, 'BZA DURONTO', '2021-04-10', 5, 5, 5, 5, 5, 5),
(25222, 'BZA DURONTO', '2021-04-11', 5, 5, 5, 5, 5, 5),
(25222, 'BZA DURONTO', '2021-04-12', 5, 5, 5, 5, 5, 5),
(25222, 'BZA DURONTO', '2021-04-13', 5, 5, 5, 5, 5, 5),
(25222, 'BZA DURONTO', '2021-04-14', 5, 5, 5, 5, 5, 5),
(25222, 'BZA DURONTO', '2021-04-15', 5, 5, 5, 5, 5, 5),
(25222, 'BZA DURONTO', '2021-04-16', 5, 5, 5, 5, 5, 5),
(25222, 'BZA DURONTO', '2021-04-17', 5, 5, 5, 5, 5, 5),
(25222, 'BZA DURONTO', '2021-04-18', 5, 5, 5, 5, 5, 5),
(25222, 'BZA DURONTO', '2021-04-19', 5, 5, 5, 5, 5, 5),
(25222, 'BZA DURONTO', '2021-04-20', 5, 5, 5, 5, 5, 5),
(25222, 'BZA DURONTO', '2021-04-21', 5, 5, 5, 5, 5, 5),
(25222, 'BZA DURONTO', '2021-04-22', 5, 5, 5, 5, 5, 5),
(25222, 'BZA DURONTO', '2021-04-23', 5, 5, 5, 5, 5, 5),
(25222, 'BZA DURONTO', '2021-04-24', 5, 5, 5, 5, 5, 5),
(25222, 'BZA DURONTO', '2021-04-25', 5, 5, 5, 5, 5, 5),
(25222, 'BZA DURONTO', '2021-04-26', 5, 5, 5, 5, 5, 5),
(25222, 'BZA DURONTO', '2021-04-27', 5, 5, 5, 5, 5, 5),
(25222, 'BZA DURONTO', '2021-04-28', 5, 5, 5, 5, 5, 5),
(25222, 'BZA DURONTO', '2021-04-29', 5, 5, 5, 5, 5, 5),
(25222, 'BZA DURONTO', '2021-04-30', 5, 5, 5, 5, 5, 5),
(25222, 'BZA DURONTO', '2021-04-01', 5, 5, 5, 5, 5, 5),
(25222, 'BZA DURONTO', '2021-04-02', 5, 5, 5, 5, 5, 5),
(25222, 'BZA DURONTO', '2021-04-03', 5, 5, 5, 5, 5, 5),
(25222, 'BZA DURONTO', '2021-04-04', 5, 5, 5, 5, 5, 5),
(25222, 'BZA DURONTO', '2021-04-03', 5, 5, 5, 5, 5, 5),
(25222, 'BZA DURONTO', '2021-04-04', 5, 5, 5, 5, 5, 5),
(25222, 'BZA DURONTO', '2021-04-04', 5, 5, 5, 5, 5, 5),
(25222, 'BZA DURONTO', '2021-04-08', 5, 5, 5, 5, 5, 5),
(29333, 'KARNAVATI EXP', '2021-04-10', 5, 5, 5, 5, 5, 5),
(29333, 'KARNAVATI EXP', '2021-04-11', 5, 5, 5, 5, 5, 5),
(29333, 'KARNAVATI EXP', '2021-04-12', 5, 5, 5, 5, 5, 5),
(29333, 'KARNAVATI EXP', '2021-04-13', 5, 5, 5, 5, 5, 5),
(29333, 'KARNAVATI EXP', '2021-04-14', 5, 5, 5, 5, 5, 5),
(29333, 'KARNAVATI EXP', '2021-04-15', 5, 5, 5, 5, 5, 5),
(29333, 'KARNAVATI EXP', '2021-04-16', 5, 5, 5, 5, 5, 5),
(29333, 'KARNAVATI EXP', '2021-04-17', 5, 5, 5, 5, 5, 5),
(29333, 'KARNAVATI EXP', '2021-04-18', 5, 5, 5, 5, 5, 5),
(29333, 'KARNAVATI EXP', '2021-04-19', 5, 5, 5, 5, 5, 5),
(29333, 'KARNAVATI EXP', '2021-04-20', 5, 5, 5, 5, 5, 5),
(29333, 'KARNAVATI EXP', '2021-04-21', 5, 5, 5, 5, 5, 5),
(29333, 'KARNAVATI EXP', '2021-04-22', 5, 5, 5, 5, 5, 5),
(29333, 'KARNAVATI EXP', '2021-04-23', 5, 5, 5, 5, 5, 5),
(29333, 'KARNAVATI EXP', '2021-04-24', 5, 5, 5, 5, 5, 5),
(29333, 'KARNAVATI EXP', '2021-04-25', 5, 5, 5, 5, 5, 5),
(29333, 'KARNAVATI EXP', '2021-04-26', 5, 5, 5, 5, 5, 5),
(29333, 'KARNAVATI EXP', '2021-04-27', 5, 5, 5, 5, 5, 5),
(29333, 'KARNAVATI EXP', '2021-04-28', 5, 5, 5, 5, 5, 5),
(29333, 'KARNAVATI EXP', '2021-04-29', 5, 5, 5, 5, 5, 5),
(29333, 'KARNAVATI EXP', '2021-04-30', 5, 5, 5, 5, 5, 5),
(29333, 'KARNAVATI EXP', '2021-03-01', 5, 5, 5, 5, 5, 5),
(29333, 'KARNAVATI EXP', '2021-03-02', 5, 5, 5, 5, 5, 5),
(29333, 'KARNAVATI EXP', '2021-03-03', 5, 5, 5, 5, 5, 5),
(29333, 'KARNAVATI EXP', '2021-03-04', 5, 5, 5, 5, 5, 5),
(29333, 'KARNAVATI EXP', '2021-03-03', 5, 5, 5, 5, 5, 5),
(29333, 'KARNAVATI EXP', '2021-03-04', 5, 5, 5, 5, 5, 5),
(29333, 'KARNAVATI EXP', '2021-03-04', 5, 5, 5, 5, 5, 5),
(29333, 'KARNAVATI EXP', '2021-03-08', 5, 5, 5, 5, 5, 5),
(29333, 'KARNAVATI EXP', '2021-03-09', 5, 5, 5, 5, 5, 5),
(29333, 'KARNAVATI EXP', '2021-03-10', 5, 5, 5, 5, 5, 5),
(29333, 'KARNAVATI EXP', '2021-03-11', 5, 5, 5, 5, 5, 5),
(29333, 'KARNAVATI EXP', '2021-03-12', 5, 5, 5, 5, 5, 5),
(29333, 'KARNAVATI EXP', '2021-03-13', 5, 5, 5, 5, 5, 5),
(29333, 'KARNAVATI EXP', '2021-03-14', 5, 5, 5, 5, 5, 5),
(29333, 'KARNAVATI EXP', '2021-03-15', 5, 5, 5, 5, 5, 5),
(29333, 'KARNAVATI EXP', '2021-03-16', 5, 5, 5, 5, 5, 5),
(29333, 'KARNAVATI EXP', '2021-03-17', 5, 5, 5, 5, 5, 5),
(29333, 'KARNAVATI EXP', '2021-03-18', 5, 5, 5, 5, 5, 5),
(29333, 'KARNAVATI EXP', '2021-03-19', 5, 5, 5, 5, 5, 5),
(29333, 'KARNAVATI EXP', '2021-03-20', 5, 5, 5, 5, 5, 5),
(29333, 'KARNAVATI EXP', '2021-03-21', 5, 5, 5, 5, 5, 5),
(29333, 'KARNAVATI EXP', '2021-03-22', 5, 5, 5, 5, 5, 5),
(29333, 'KARNAVATI EXP', '2021-03-23', 5, 5, 5, 5, 5, 5),
(29333, 'KARNAVATI EXP', '2021-03-24', 5, 5, 5, 5, 5, 5),
(29333, 'KARNAVATI EXP', '2021-03-25', 5, 5, 5, 5, 5, 5),
(29333, 'KARNAVATI EXP', '2021-03-26', 5, 5, 5, 5, 5, 5),
(29333, 'KARNAVATI EXP', '2021-03-27', 5, 5, 5, 5, 5, 5),
(29333, 'KARNAVATI EXP', '2021-03-28', 5, 5, 5, 5, 5, 5),
(29333, 'KARNAVATI EXP', '2021-03-29', 5, 5, 5, 5, 5, 5),
(29333, 'KARNAVATI EXP', '2021-03-30', 5, 5, 5, 5, 5, 5),
(29333, 'KARNAVATI EXP', '2021-03-31', 5, 5, 5, 5, 5, 5),
(29333, 'KARNAVATI EXP', '2021-04-01', 5, 5, 5, 5, 5, 5),
(29333, 'KARNAVATI EXP', '2021-04-02', 5, 5, 5, 5, 5, 5),
(29333, 'KARNAVATI EXP', '2021-04-03', 5, 5, 5, 5, 5, 5),
(29333, 'KARNAVATI EXP', '2021-04-04', 5, 5, 5, 5, 5, 5),
(29333, 'KARNAVATI EXP', '2021-04-03', 5, 5, 5, 5, 5, 5),
(29333, 'KARNAVATI EXP', '2021-04-04', 5, 5, 5, 5, 5, 5),
(29333, 'KARNAVATI EXP', '2021-04-04', 5, 5, 5, 5, 5, 5),
(29333, 'KARNAVATI EXP', '2021-04-08', 5, 5, 5, 5, 5, 5),
(29333, 'KARNAVATI EXP', '2021-04-09', 5, 5, 5, 5, 5, 5),
(29333, 'KARNAVATI EXP', '2021-04-10', 5, 5, 5, 5, 5, 5),
(29333, 'KARNAVATI EXP', '2021-04-11', 5, 5, 5, 5, 5, 5),
(29333, 'KARNAVATI EXP', '2021-04-12', 5, 5, 5, 5, 5, 5),
(29333, 'KARNAVATI EXP', '2021-04-13', 5, 5, 5, 5, 5, 5),
(29333, 'KARNAVATI EXP', '2021-04-14', 5, 5, 5, 5, 5, 5),
(29333, 'KARNAVATI EXP', '2021-04-15', 5, 5, 5, 5, 5, 5),
(29333, 'KARNAVATI EXP', '2021-04-16', 5, 5, 5, 5, 5, 5),
(29333, 'KARNAVATI EXP', '2021-04-17', 5, 5, 5, 5, 5, 5),
(29333, 'KARNAVATI EXP', '2021-04-18', 5, 5, 5, 5, 5, 5),
(29333, 'KARNAVATI EXP', '2021-04-19', 5, 5, 5, 5, 5, 5),
(29333, 'KARNAVATI EXP', '2021-04-20', 5, 5, 5, 5, 5, 5),
(29333, 'KARNAVATI EXP', '2021-04-21', 5, 5, 5, 5, 5, 5),
(29333, 'KARNAVATI EXP', '2021-04-22', 5, 5, 5, 5, 5, 5),
(29333, 'KARNAVATI EXP', '2021-04-23', 5, 5, 5, 5, 5, 5),
(29333, 'KARNAVATI EXP', '2021-04-24', 5, 5, 5, 5, 5, 5),
(29333, 'KARNAVATI EXP', '2021-04-25', 5, 5, 5, 5, 5, 5),
(29333, 'KARNAVATI EXP', '2021-04-26', 5, 5, 5, 5, 5, 5),
(29333, 'KARNAVATI EXP', '2021-04-27', 5, 5, 5, 5, 5, 5),
(29333, 'KARNAVATI EXP', '2021-04-28', 5, 5, 5, 5, 5, 5),
(29333, 'KARNAVATI EXP', '2021-04-29', 5, 5, 5, 5, 5, 5),
(29333, 'KARNAVATI EXP', '2021-04-30', 5, 5, 5, 5, 5, 5);
INSERT INTO `seats_availability` (`Train_No`, `Train_Name`, `doj`, `1A`, `2A`, `3A`, `AC`, `CC`, `SL`) VALUES
(29333, 'KARNAVATI EXP', '2021-04-01', 5, 5, 5, 5, 5, 5),
(29333, 'KARNAVATI EXP', '2021-04-02', 5, 5, 5, 5, 5, 5),
(29333, 'KARNAVATI EXP', '2021-04-03', 5, 5, 5, 5, 5, 5),
(29333, 'KARNAVATI EXP', '2021-04-04', 5, 5, 5, 5, 5, 5),
(29333, 'KARNAVATI EXP', '2021-04-03', 5, 5, 5, 5, 5, 5),
(29333, 'KARNAVATI EXP', '2021-04-04', 5, 5, 5, 5, 5, 5),
(29333, 'KARNAVATI EXP', '2021-04-04', 5, 5, 5, 5, 5, 5),
(29333, 'KARNAVATI EXP', '2021-04-08', 5, 5, 5, 5, 5, 5),
(59442, 'AHMEDABAD PASS', '2021-04-10', 5, 5, 5, 5, 5, 5),
(59442, 'AHMEDABAD PASS', '2021-04-11', 5, 5, 5, 5, 5, 5),
(59442, 'AHMEDABAD PASS', '2021-04-12', 5, 5, 5, 5, 5, 5),
(59442, 'AHMEDABAD PASS', '2021-04-13', 5, 5, 5, 5, 5, 5),
(59442, 'AHMEDABAD PASS', '2021-04-14', 5, 5, 5, 5, 5, 5),
(59442, 'AHMEDABAD PASS', '2021-04-15', 5, 5, 5, 5, 5, 5),
(59442, 'AHMEDABAD PASS', '2021-04-16', 5, 5, 5, 5, 5, 5),
(59442, 'AHMEDABAD PASS', '2021-04-17', 5, 5, 5, 5, 5, 5),
(59442, 'AHMEDABAD PASS', '2021-04-18', 5, 5, 5, 5, 5, 5),
(59442, 'AHMEDABAD PASS', '2021-04-19', 5, 5, 5, 5, 5, 5),
(59442, 'AHMEDABAD PASS', '2021-04-20', 5, 5, 5, 5, 5, 5),
(59442, 'AHMEDABAD PASS', '2021-04-21', 5, 5, 5, 5, 5, 5),
(59442, 'AHMEDABAD PASS', '2021-04-22', 5, 5, 5, 5, 5, 5),
(59442, 'AHMEDABAD PASS', '2021-04-23', 5, 5, 5, 5, 5, 5),
(59442, 'AHMEDABAD PASS', '2021-04-24', 5, 5, 5, 5, 5, 5),
(59442, 'AHMEDABAD PASS', '2021-04-25', 5, 5, 5, 5, 5, 5),
(59442, 'AHMEDABAD PASS', '2021-04-26', 5, 5, 5, 5, 5, 5),
(59442, 'AHMEDABAD PASS', '2021-04-27', 5, 5, 5, 5, 5, 5),
(59442, 'AHMEDABAD PASS', '2021-04-28', 5, 5, 5, 5, 5, 5),
(59442, 'AHMEDABAD PASS', '2021-04-29', 5, 5, 5, 5, 5, 5),
(59442, 'AHMEDABAD PASS', '2021-04-30', 5, 5, 5, 5, 5, 5),
(59442, 'AHMEDABAD PASS', '2021-03-01', 5, 5, 5, 5, 5, 5),
(59442, 'AHMEDABAD PASS', '2021-03-02', 5, 5, 5, 5, 5, 5),
(59442, 'AHMEDABAD PASS', '2021-03-03', 5, 5, 5, 5, 5, 5),
(59442, 'AHMEDABAD PASS', '2021-03-04', 5, 5, 5, 5, 5, 5),
(59442, 'AHMEDABAD PASS', '2021-03-03', 5, 5, 5, 5, 5, 5),
(59442, 'AHMEDABAD PASS', '2021-03-04', 5, 5, 5, 5, 5, 5),
(59442, 'AHMEDABAD PASS', '2021-03-04', 5, 5, 5, 5, 5, 5),
(59442, 'AHMEDABAD PASS', '2021-03-08', 5, 5, 5, 5, 5, 5),
(59442, 'AHMEDABAD PASS', '2021-03-09', 5, 5, 5, 5, 5, 5),
(59442, 'AHMEDABAD PASS', '2021-03-10', 5, 5, 5, 5, 5, 5),
(59442, 'AHMEDABAD PASS', '2021-03-11', 5, 5, 5, 5, 5, 5),
(59442, 'AHMEDABAD PASS', '2021-03-12', 5, 5, 5, 5, 5, 5),
(59442, 'AHMEDABAD PASS', '2021-03-13', 5, 5, 5, 5, 5, 5),
(59442, 'AHMEDABAD PASS', '2021-03-14', 5, 5, 5, 5, 5, 5),
(59442, 'AHMEDABAD PASS', '2021-03-15', 5, 5, 5, 5, 5, 5),
(59442, 'AHMEDABAD PASS', '2021-03-16', 5, 5, 5, 5, 5, 5),
(59442, 'AHMEDABAD PASS', '2021-03-17', 5, 5, 5, 5, 5, 5),
(59442, 'AHMEDABAD PASS', '2021-03-18', 5, 5, 5, 5, 5, 5),
(59442, 'AHMEDABAD PASS', '2021-03-19', 5, 5, 5, 5, 5, 5),
(59442, 'AHMEDABAD PASS', '2021-03-20', 5, 5, 5, 5, 5, 5),
(59442, 'AHMEDABAD PASS', '2021-03-21', 5, 5, 5, 5, 5, 5),
(59442, 'AHMEDABAD PASS', '2021-03-22', 5, 5, 5, 5, 5, 5),
(59442, 'AHMEDABAD PASS', '2021-03-23', 5, 5, 5, 5, 5, 5),
(59442, 'AHMEDABAD PASS', '2021-03-24', 5, 5, 5, 5, 5, 5),
(59442, 'AHMEDABAD PASS', '2021-03-25', 5, 5, 5, 5, 5, 5),
(59442, 'AHMEDABAD PASS', '2021-03-26', 5, 5, 5, 5, 5, 5),
(59442, 'AHMEDABAD PASS', '2021-03-27', 5, 5, 5, 5, 5, 5),
(59442, 'AHMEDABAD PASS', '2021-03-28', 5, 5, 5, 5, 5, 5),
(59442, 'AHMEDABAD PASS', '2021-03-29', 5, 5, 5, 5, 5, 5),
(59442, 'AHMEDABAD PASS', '2021-03-30', 5, 5, 5, 5, 5, 5),
(59442, 'AHMEDABAD PASS', '2021-03-31', 5, 5, 5, 5, 5, 5),
(59442, 'AHMEDABAD PASS', '2021-04-01', 5, 5, 5, 5, 5, 5),
(59442, 'AHMEDABAD PASS', '2021-04-02', 5, 5, 5, 5, 5, 5),
(59442, 'AHMEDABAD PASS', '2021-04-03', 5, 5, 5, 5, 5, 5),
(59442, 'AHMEDABAD PASS', '2021-04-04', 5, 5, 5, 5, 5, 5),
(59442, 'AHMEDABAD PASS', '2021-04-03', 5, 5, 5, 5, 5, 5),
(59442, 'AHMEDABAD PASS', '2021-04-04', 5, 5, 5, 5, 5, 5),
(59442, 'AHMEDABAD PASS', '2021-04-04', 5, 5, 5, 5, 5, 5),
(59442, 'AHMEDABAD PASS', '2021-04-08', 5, 5, 5, 5, 5, 5),
(59442, 'AHMEDABAD PASS', '2021-04-09', 5, 5, 5, 5, 5, 5),
(59442, 'AHMEDABAD PASS', '2021-04-10', 5, 5, 5, 5, 5, 5),
(59442, 'AHMEDABAD PASS', '2021-04-11', 5, 5, 5, 5, 5, 5),
(59442, 'AHMEDABAD PASS', '2021-04-12', 5, 5, 5, 5, 5, 5),
(59442, 'AHMEDABAD PASS', '2021-04-13', 5, 5, 5, 5, 5, 5),
(59442, 'AHMEDABAD PASS', '2021-04-14', 5, 5, 5, 5, 5, 5),
(59442, 'AHMEDABAD PASS', '2021-04-15', 5, 5, 5, 5, 5, 5),
(59442, 'AHMEDABAD PASS', '2021-04-16', 5, 5, 5, 5, 5, 5),
(59442, 'AHMEDABAD PASS', '2021-04-17', 5, 5, 5, 5, 5, 5),
(59442, 'AHMEDABAD PASS', '2021-04-18', 5, 5, 5, 5, 5, 5),
(59442, 'AHMEDABAD PASS', '2021-04-19', 5, 5, 5, 5, 5, 5),
(59442, 'AHMEDABAD PASS', '2021-04-20', 5, 5, 5, 5, 5, 5),
(59442, 'AHMEDABAD PASS', '2021-04-21', 5, 5, 5, 5, 5, 5),
(59442, 'AHMEDABAD PASS', '2021-04-22', 5, 5, 5, 5, 5, 5),
(59442, 'AHMEDABAD PASS', '2021-04-23', 5, 5, 5, 5, 5, 5),
(59442, 'AHMEDABAD PASS', '2021-04-24', 5, 5, 5, 5, 5, 5),
(59442, 'AHMEDABAD PASS', '2021-04-25', 5, 5, 5, 5, 5, 5),
(59442, 'AHMEDABAD PASS', '2021-04-26', 5, 5, 5, 5, 5, 5),
(59442, 'AHMEDABAD PASS', '2021-04-27', 5, 5, 5, 5, 5, 5),
(59442, 'AHMEDABAD PASS', '2021-04-28', 5, 5, 5, 5, 5, 5),
(59442, 'AHMEDABAD PASS', '2021-04-29', 5, 5, 5, 5, 5, 5),
(59442, 'AHMEDABAD PASS', '2021-04-30', 5, 5, 5, 5, 5, 5),
(59442, 'AHMEDABAD PASS', '2021-04-01', 5, 5, 5, 5, 5, 5),
(59442, 'AHMEDABAD PASS', '2021-04-02', 5, 5, 5, 5, 5, 5),
(59442, 'AHMEDABAD PASS', '2021-04-03', 5, 5, 5, 5, 5, 5),
(59442, 'AHMEDABAD PASS', '2021-04-04', 5, 5, 5, 5, 5, 5),
(59442, 'AHMEDABAD PASS', '2021-04-03', 5, 5, 5, 5, 5, 5),
(59442, 'AHMEDABAD PASS', '2021-04-04', 5, 5, 5, 5, 5, 5),
(59442, 'AHMEDABAD PASS', '2021-04-04', 5, 5, 5, 5, 5, 5),
(59442, 'AHMEDABAD PASS', '2021-04-08', 5, 5, 5, 5, 5, 5);

-- --------------------------------------------------------

--
-- Table structure for table `train_list`
--

CREATE TABLE `train_list` (
  `Number` int(6) NOT NULL,
  `Name` varchar(20) NOT NULL,
  `Origin` varchar(20) NOT NULL,
  `Destination` varchar(20) NOT NULL,
  `Arrival` varchar(10) NOT NULL,
  `Departure` varchar(10) NOT NULL,
  `Mon` varchar(2) NOT NULL,
  `Tue` varchar(2) NOT NULL,
  `Wed` varchar(2) NOT NULL,
  `Thu` varchar(2) NOT NULL,
  `Fri` varchar(2) NOT NULL,
  `Sat` varchar(2) NOT NULL,
  `Sun` varchar(2) NOT NULL,
  `1A` int(11) NOT NULL,
  `2A` int(11) NOT NULL,
  `3A` int(11) NOT NULL,
  `SL` int(11) NOT NULL,
  `General` int(11) NOT NULL,
  `LSCes` int(11) NOT NULL,
  `Tatkal` int(11) NOT NULL
) ENGINE=InnoDB DEFAULT CHARSET=latin1;

--
-- Dumping data for table `train_list`
--

INSERT INTO `train_list` (`Number`, `Name`, `Origin`, `Destination`, `Arrival`, `Departure`, `Mon`, `Tue`, `Wed`, `Thu`, `Fri`, `Sat`, `Sun`, `1A`, `2A`, `3A`, `SL`, `General`, `LSCes`, `Tatkal`) VALUES
(12009, 'HYB FEST SPL', 'BZA', 'SC', '22:15', '04:25', 'Y', 'Y', 'Y', 'Y', 'Y', 'Y', 'N', 2500, 1000, 500, 250, 2, 1, 3),
(12931, 'SC DOUBLE DECK', 'BZA', 'SC', 'First st', '14:20', 'Y', 'Y', 'Y', 'Y', 'Y', 'Y', 'N', 2500, 1000, 500, 250, 2, 1, 3),
(12932, 'BZA DOUBLEDECKE', 'SC', 'BZA', '13:00', 'Last st', 'Y', 'Y', 'Y', 'Y', 'Y', 'Y', 'N', 2500, 1000, 500, 250, 2, 1, 3),
(12952, 'MUMBAI RAJDHANI', 'NDLS', 'BZA', '08:25', 'last st', 'Y', 'Y', 'Y', 'Y', 'Y', 'Y', 'Y', 2500, 1000, 500, 250, 2, 1, 3),
(19011, 'GNT SC SPL', 'SC', 'BZA', '16:25', '10:35', 'Y', 'Y', 'Y', 'Y', 'Y', 'Y', 'Y', 2500, 1000, 500, 250, 2, 1, 3),
(22210, 'BZA DURONTO', 'NDLS', 'BZA', '16:15', 'Last st', 'N', 'N', 'Y', 'N', 'N', 'N', 'Y', 2500, 1000, 500, 250, 2, 1, 3),
(22220, 'BZA DURONTO', 'NDLS', 'BZA', '16:15', 'Last st', 'N', 'N', 'Y', 'N', 'N', 'N', 'Y', 2500, 1000, 500, 250, 2, 1, 3),
(22222, 'BZA DURONTO', 'NDLS', 'BZA', '16:15', 'Last st', 'N', 'N', 'Y', 'N', 'N', 'N', 'Y', 2500, 1000, 500, 250, 2, 1, 3),
(25222, 'BZA DURONTO', 'NDLS', 'BZA', '16:15', 'Last st', 'N', 'N', 'Y', 'N', 'N', 'N', 'Y', 2500, 1000, 500, 250, 2, 1, 3),
(29333, 'KARNAVATI EXP', 'AHMD', 'BZA', '08:03', '21:10', 'Y', 'Y', 'Y', 'N', 'Y', 'N', 'Y', 2500, 1000, 500, 250, 2, 1, 3),
(59442, 'AHMEDABAD PASS', 'AHMD', 'BZA', '04:35', '1:35', 'Y', 'Y', 'Y', 'Y', 'Y', 'Y', 'Y', 2500, 1000, 500, 250, 2, 1, 3);

-- --------------------------------------------------------

--
-- Table structure for table `users`
--

CREATE TABLE `users` (
  `f_name` varchar(50) NOT NULL,
  `l_name` varchar(50) NOT NULL,
  `email` varchar(50) NOT NULL,
  `password` varchar(20) NOT NULL,
  `gender` varchar(10) NOT NULL,
  `marital` varchar(10) NOT NULL,
  `dob` varchar(20) NOT NULL,
  `mobile` bigint(10) NOT NULL,
  `ques` varchar(100) NOT NULL,
  `ans` varchar(100) NOT NULL
) ENGINE=InnoDB DEFAULT CHARSET=latin1;

--
-- Dumping data for table `users`
--

INSERT INTO `users` (`f_name`, `l_name`, `email`, `password`, `gender`, `marital`, `dob`, `mobile`, `ques`, `ans`) VALUES
('Hema', 'Sri', 'HemaSri24@gmail.com', '123456789', 'female', 'unmarried', '1999-04-02', 9453890182, 'What was the name of your first school?', 'Blooms');

--
-- Indexes for dumped tables
--

--
-- Indexes for table `train_list`
--
ALTER TABLE `train_list`
  ADD PRIMARY KEY (`Number`);

/*!40101 SET CHARACTER_SET_CLIENT=@OLD_CHARACTER_SET_CLIENT */;
/*!40101 SET CHARACTER_SET_RESULTS=@OLD_CHARACTER_SET_RESULTS */;
/*!40101 SET COLLATION_CONNECTION=@OLD_COLLATION_CONNECTION */;
